Age,Job,Saving accounts,Checking account,Credit amount,Duration,Sex_female,Sex_male,Housing_free,Housing_own,Housing_rent,Purpose_business,Purpose_car,Purpose_domestic appliances,Purpose_education,Purpose_furniture/equipment,Purpose_radio/TV,Purpose_repairs,Purpose_vacation/others
-0.9563612349193206,2,1.0,2.0,-0.7130007400021645,-0.7335121029446755,True,False,False,False,True,False,True,False,False,False,False,False,False
-1.0477167022287535,1,2.0,0.0,-0.6108694770005,-0.2315976630020822,True,False,False,False,True,True,False,False,False,False,False,False,False
0.04854890548444138,2,1.0,0.0,0.3606868966820007,-0.2315976630020822,False,True,False,True,False,True,False,False,False,False,False,False,False
-1.4131385714664852,2,1.0,2.0,-0.4616007079980673,0.2703167769405111,True,False,False,True,False,False,False,False,False,False,True,False,False
0.3226153074127401,1,1.0,0.0,1.5065772211292474,-0.8171645096017744,False,True,False,True,False,False,True,False,False,False,False,False,False
0.2312598401033072,2,1.0,0.0,-0.8966873705289676,-0.7335121029446755,False,True,False,True,False,False,False,False,False,False,True,False,False
0.5053262420316059,2,2.0,2.0,-0.26107925389956116,0.7722312168831045,False,True,False,True,False,True,False,False,False,False,False,False,False
-1.0477167022287535,2,1.0,1.0,2.4048085854772197,1.2741456568256977,False,True,False,True,False,False,True,False,False,False,False,False,False
1.2361699805070692,2,1.0,1.0,-1.0373516741503077,-1.2354265428872688,True,False,False,True,False,False,False,False,False,True,False,False,False
-1.1390721695381865,2,1.0,0.0,-0.7350730642406195,-0.9844693229159722,True,False,False,False,True,False,False,True,False,False,False,False,False
-0.49958389837215605,2,1.0,0.0,-0.739562350526407,-0.9844693229159722,False,True,False,True,False,False,True,False,False,False,False,False,False
-1.0477167022287535,1,1.0,1.0,-0.5439042899041705,0.2703167769405111,False,True,False,True,False,False,False,False,False,True,False,False,False
0.41397077472217303,1,3.0,0.0,-0.6000203684765136,-0.9008169162588733,False,True,False,False,True,False,True,False,False,False,False,False,False
-0.042806561824991526,2,0.0,1.0,-0.6808275216206878,0.2703167769405111,True,False,False,True,False,False,True,False,False,False,False,False,False
-0.49958389837215605,3,2.0,1.0,-0.3561024802820622,-0.2315976630020822,False,True,False,True,False,False,True,False,False,False,False,False,False
0.3226153074127401,1,1.0,1.0,-0.40361409347331273,-0.7335121029446755,False,True,False,False,True,False,True,False,False,False,False,False,False
-0.8650057676098877,2,1.0,1.0,1.8810585188020172,1.2741456568256977,False,True,False,True,False,False,True,False,False,False,False,False,False
-1.3217831041570522,2,1.0,0.0,4.65843030094252,3.281803416596071,False,True,False,True,False,False,False,False,False,False,True,False,False
0.3226153074127401,2,1.0,1.0,2.6547121887193876,2.2779745367108846,False,True,True,False,False,False,True,False,False,False,False,False,False
0.9621035785787705,2,1.0,1.0,-0.3190658684243157,1.2741456568256977,False,True,False,True,False,False,False,False,False,True,False,False,False
-0.13416202913442443,2,1.0,2.0,0.9723521531205408,1.2741456568256977,False,True,False,True,False,False,True,False,False,False,False,False,False
-0.042806561824991526,1,1.0,0.0,-0.19336585242226711,0.2703167769405111,False,True,False,True,False,False,False,False,False,False,True,False,False
3.520056663242892,3,1.0,2.0,0.7213262283069258,-0.9844693229159722,True,False,True,False,False,False,True,False,False,False,False,False,False
-1.2304276368476192,2,4.0,2.0,-0.8207436108610633,-0.7335121029446755,False,True,False,True,False,False,True,False,False,False,False,False,False
0.2312598401033072,2,0.0,2.0,-1.0597981055792451,-1.2354265428872688,False,True,False,True,False,False,False,False,False,False,True,False,False
0.04854890548444138,3,2.0,2.0,1.4089352444133703,0.2703167769405111,False,True,False,False,True,True,False,False,False,False,False,False,False
-0.590939365681589,0,0.0,2.0,0.29521813834760036,1.2741456568256977,True,False,False,True,False,False,False,True,False,False,False,False,False
-0.13416202913442443,3,1.0,2.0,-0.06878815799166538,-0.7335121029446755,True,False,False,False,True,False,False,False,False,True,False,False,False
-1.1390721695381865,2,1.0,1.0,-1.029869530340662,-1.2354265428872688,True,False,False,True,False,False,False,False,True,False,False,False,False
-0.22551749644385735,2,1.0,3.0,1.1552905692663793,1.7760600967682911,False,True,False,True,False,True,False,False,False,False,False,False,False
1.2361699805070692,2,1.0,1.0,-0.8091462879561124,-0.9008169162588733,False,True,False,True,False,False,True,False,False,False,False,False,False
-0.7736503003004548,2,1.0,0.0,2.037809431614096,0.2703167769405111,False,True,False,True,False,True,False,False,False,False,False,False,False
-0.590939365681589,1,1.0,1.0,0.1455752621546854,-0.7335121029446755,False,True,False,True,False,False,False,False,False,True,False,False,False
-0.6822948329910219,2,4.0,0.0,-0.39613194966366694,-0.8171645096017744,False,True,False,True,False,True,False,False,False,False,False,False,False
0.3226153074127401,3,1.0,0.0,1.218514684457886,-0.2315976630020822,False,True,False,True,False,False,True,False,False,False,False,False,False
-0.042806561824991526,3,1.0,2.0,1.4018272077942069,1.2741456568256977,False,True,False,False,True,False,True,False,False,False,False,False,False
0.5053262420316059,1,1.0,0.0,-0.9284864817199621,-0.7335121029446755,False,True,False,True,False,False,False,False,True,False,False,False,False
-0.40822843106272316,1,2.0,2.0,2.4901050249071814,1.2741456568256977,False,True,False,True,False,True,False,False,False,False,False,False,False
0.5966817093410388,2,4.0,3.0,-1.0444597107694713,-0.7335121029446755,True,False,False,False,True,False,False,False,False,False,True,False,False
-0.6822948329910219,3,1.0,2.0,0.7606074833075661,0.7722312168831045,False,True,False,True,False,False,True,False,False,False,False,False,False
1.0534590458882034,2,2.0,2.0,3.520770334685883,1.2741456568256977,False,True,True,False,False,False,False,False,True,False,False,False,False
-0.49958389837215605,2,1.0,2.0,1.7826683277051756,0.43762159025470887,False,True,False,True,False,False,True,False,False,False,False,False,False
-0.042806561824991526,2,3.0,1.0,-0.5689694716664838,-0.7335121029446755,False,True,False,True,False,False,False,False,False,False,True,False,False
0.9621035785787705,2,1.0,2.0,-0.7399364577168892,-0.7335121029446755,False,True,False,False,True,False,True,False,False,False,False,False,False
-0.590939365681589,2,0.0,0.0,0.6741887223061577,0.019359556969214452,True,False,False,True,False,False,True,False,False,False,False,False,False
-1.3217831041570522,2,0.0,0.0,-0.8660105809094201,-0.7335121029446755,True,False,False,True,False,False,False,False,False,False,True,False,False
0.9621035785787705,2,1.0,1.0,1.1710030712666355,2.2779745367108846,False,True,True,False,False,False,True,False,False,False,False,False,False
-0.31687296375329027,2,4.0,2.0,-0.7724837832888483,-0.9844693229159722,False,True,True,False,False,False,False,False,True,False,False,False,False
0.41397077472217303,3,1.0,2.0,1.5611968709396613,-0.2315976630020822,False,True,False,True,False,False,False,False,False,True,False,False,False
-0.7736503003004548,2,1.0,1.0,-1.0691507853413023,-1.2354265428872688,True,False,False,True,False,False,False,True,False,False,False,False,False
1.6015918497448007,2,0.0,0.0,-0.2906337219476619,0.2703167769405111,False,True,False,True,False,False,False,False,False,False,True,False,False
-0.7736503003004548,1,1.0,0.0,-0.8974355849099322,-0.5662072896304777,False,True,False,True,False,False,True,False,False,False,False,False,False
0.1399043727938743,2,1.0,1.0,0.1777484805361621,-1.2354265428872688,False,True,False,False,True,False,True,False,False,False,False,False,False
0.6880371766504717,2,1.0,0.0,-0.47357213809350046,-0.7335121029446755,False,True,False,True,False,False,False,False,False,True,False,False,False
0.04854890548444138,1,1.0,2.0,0.38911904315865453,0.2703167769405111,False,True,False,True,False,True,False,False,False,False,False,False,False
-1.1390721695381865,1,2.0,2.0,-0.8847159404335345,-0.7335121029446755,True,False,False,True,False,False,True,False,False,False,False,False,False
0.2312598401033072,2,0.0,0.0,-0.7335766354786903,-0.7335121029446755,True,False,False,True,False,False,False,False,False,False,True,False,False
-1.2304276368476192,2,1.0,1.0,-0.5023783917606366,-0.7335121029446755,True,False,False,False,True,False,False,False,False,True,False,False,False
-1.2304276368476192,2,1.0,1.0,-0.6864391294779221,-0.9844693229159722,True,False,False,False,True,False,False,False,False,False,True,False,False
0.9621035785787705,2,1.0,0.0,-0.22067567732747412,0.2703167769405111,False,True,False,True,False,False,False,False,False,False,True,False,False
-0.31687296375329027,2,3.0,0.0,-0.0833783384204746,-1.2354265428872688,False,True,False,True,False,False,False,False,False,True,False,False,False
0.6880371766504717,2,2.0,1.0,-0.7474186015265349,-1.2354265428872688,False,True,False,True,False,False,True,False,False,False,False,False,False
0.2312598401033072,3,0.0,0.0,0.010522566390579576,-0.2315976630020822,False,True,False,True,False,False,True,False,False,False,False,False,False
-0.590939365681589,2,0.0,1.0,-0.8551614723854337,0.2703167769405111,True,False,False,True,False,False,True,False,False,False,False,False,False
-0.31687296375329027,2,1.0,0.0,0.527538703637101,-1.2354265428872688,True,False,False,True,False,False,False,False,False,True,False,False,False
-1.0477167022287535,2,1.0,1.0,-0.9535516634822754,-0.7335121029446755,True,False,False,False,True,False,False,False,False,True,False,False,False
0.04854890548444138,3,1.0,1.0,-0.4971408910938846,-1.2354265428872688,False,True,True,False,False,False,False,False,False,True,False,False,False
-0.042806561824991526,1,1.0,0.0,0.5529779925898964,0.2703167769405111,False,True,False,True,False,False,True,False,False,False,False,False,False
-0.13416202913442443,2,1.0,0.0,-0.46796053023626616,-0.2315976630020822,False,True,False,True,False,True,False,False,False,False,False,False,False
-0.22551749644385735,2,1.0,2.0,-0.7317060995262789,-0.2315976630020822,False,True,False,True,False,False,False,False,False,False,True,False,False
0.2312598401033072,2,2.0,2.0,0.11639490129706695,0.2703167769405111,False,True,False,True,False,False,True,False,False,False,False,False,False
-0.042806561824991526,2,2.0,0.0,-0.1675524562789893,-0.9844693229159722,False,True,False,True,False,False,False,False,False,False,True,False,False
0.7793926439599046,1,1.0,2.0,-0.9131480869101883,-1.0681217295730712,True,False,False,True,False,False,False,False,False,False,True,False,False
-0.31687296375329027,2,0.0,0.0,1.5103182930340702,2.2779745367108846,False,True,False,True,False,False,False,False,False,False,True,False,False
1.9670137189825325,1,0.0,0.0,-0.7245980629071154,-0.7335121029446755,False,True,False,False,True,True,False,False,False,False,False,False,False
-0.590939365681589,2,0.0,0.0,0.1328556176782876,-0.4825548829733789,False,True,False,True,False,False,True,False,False,False,False,False,False
0.9621035785787705,1,1.0,3.0,-0.35535426590109764,-0.7335121029446755,True,False,False,True,False,False,False,False,False,True,False,False,False
-0.22551749644385735,2,0.0,0.0,-0.47656499561735877,0.2703167769405111,True,False,False,True,False,False,False,False,True,False,False,False,False
-0.8650057676098877,3,3.0,0.0,0.012767209533473302,0.2703167769405111,False,True,False,True,False,False,False,False,False,False,True,False,False
0.1399043727938743,2,1.0,0.0,-0.44102481252154146,0.2703167769405111,True,False,False,True,False,False,True,False,False,False,False,False,False
-0.7736503003004548,2,1.0,1.0,1.0464253768360336,1.6087552834540932,False,True,False,True,False,False,False,False,True,False,False,False,False
2.0583691862919653,2,0.0,0.0,-0.49901142704629603,0.7722312168831045,False,True,False,True,False,False,False,False,False,False,True,False,False
0.6880371766504717,2,1.0,1.0,-0.6987846667638375,0.2703167769405111,False,True,True,False,False,False,True,False,False,False,False,False,False
2.2410801209108313,3,0.0,2.0,1.2222557563627088,-0.06429284968788443,False,True,False,True,False,False,True,False,False,False,False,False,False
-0.22551749644385735,2,1.0,1.0,-0.3613399809488142,-0.06429284968788443,False,True,False,False,True,False,True,False,False,False,False,False,False
-1.0477167022287535,2,3.0,0.0,-0.23638817932773018,1.5251028767969945,False,True,False,True,False,False,True,False,False,False,False,False,False
-0.22551749644385735,2,1.0,0.0,-0.5049971420940126,0.2703167769405111,False,True,False,True,False,False,False,False,False,False,True,False,False
2.3324355882202643,3,1.0,2.0,-0.4668382086648193,1.2741456568256977,False,True,True,False,False,True,False,False,False,False,False,False,False
-0.7736503003004548,2,1.0,1.0,-0.8035346800988781,-0.4825548829733789,False,True,False,True,False,False,False,False,False,False,True,False,False
0.3226153074127401,1,4.0,1.0,-0.9483141628155234,-1.2354265428872688,True,False,False,True,False,False,True,False,False,False,False,False,False
-0.7736503003004548,2,1.0,1.0,-0.029132795800542902,0.2703167769405111,True,False,False,True,False,False,True,False,False,False,False,False,False
3.520056663242892,3,1.0,0.0,0.4957395924461065,0.2703167769405111,False,True,False,True,False,True,False,False,False,False,False,False,False
-1.0477167022287535,1,0.0,0.0,0.6023601417335585,0.7722312168831045,True,False,False,False,True,False,True,False,False,False,False,False,False
-0.9563612349193206,2,1.0,2.0,0.6480012189723975,1.5251028767969945,False,True,False,True,False,False,False,False,False,False,True,False,False
1.0534590458882034,2,0.0,1.0,1.9207138809931397,1.2741456568256977,False,True,True,False,False,False,True,False,False,False,False,False,False
-0.13416202913442443,2,4.0,2.0,0.11040918624935035,0.7722312168831045,False,True,False,True,False,False,False,False,False,True,False,False,False
-0.49958389837215605,2,1.0,2.0,-0.8024123585274312,-0.2315976630020822,False,True,False,True,False,False,True,False,False,False,False,False,False
-1.1390721695381865,1,1.0,1.0,1.132844137837442,1.2741456568256977,True,False,False,False,True,False,False,False,False,True,False,False,False
1.510236382435368,2,3.0,1.0,-1.0710213212937136,-1.2354265428872688,False,True,False,True,False,False,False,False,False,False,True,False,False
-0.7736503003004548,2,1.0,0.0,-0.7541525309552162,-0.7335121029446755,True,False,False,True,False,True,False,False,False,False,False,False,False
-0.9563612349193206,2,0.0,2.0,-0.1641854915646487,-0.7335121029446755,True,False,False,True,False,False,False,False,False,True,False,False,False
-0.13416202913442443,2,0.0,2.0,-0.14061673856426457,0.2703167769405111,False,True,False,True,False,True,False,False,False,False,False,False,False
1.8756582516730995,2,1.0,0.0,-0.9662713079586731,-0.7335121029446755,False,True,False,True,False,False,False,False,False,False,True,False,False
-0.6822948329910219,2,4.0,0.0,-0.22366853485133242,0.2703167769405111,True,False,False,False,True,False,True,False,False,False,False,False,False
-0.8650057676098877,2,1.0,0.0,-0.16343727718368412,1.023188436854401,True,False,False,True,False,True,False,False,False,False,False,False,False
0.2312598401033072,1,1.0,0.0,-0.638179301905707,-0.7335121029446755,False,True,False,True,False,False,True,False,False,False,False,False,False
-0.40822843106272316,2,3.0,0.0,0.08571811167751937,0.2703167769405111,False,True,False,True,False,False,False,False,False,False,True,False,False
-0.7736503003004548,2,1.0,0.0,-0.21992746294650953,1.2741456568256977,False,True,False,True,False,False,False,False,False,False,False,True,False
1.418880915125935,2,1.0,0.0,-0.6007685828574783,-1.2354265428872688,False,True,False,True,False,False,False,False,False,False,True,False,False
-1.0477167022287535,2,3.0,0.0,-0.41932659547356876,-1.2354265428872688,False,True,False,True,False,False,True,False,False,False,False,False,False
-0.6822948329910219,2,1.0,1.0,-0.6725971634300775,-0.4825548829733789,True,False,False,False,True,False,True,False,False,False,False,False,False
1.1448145131976364,3,0.0,2.0,3.36813460096911,2.2779745367108846,False,True,False,True,False,True,False,False,False,False,False,False,False
-0.13416202913442443,2,1.0,1.0,0.2858654585855432,1.7760600967682911,False,True,False,True,False,False,False,False,False,False,True,False,False
-0.7736503003004548,1,0.0,0.0,-0.7077632393354125,-0.9008169162588733,False,True,False,True,False,False,True,False,False,False,False,False,False
-0.042806561824991526,2,1.0,0.0,-0.6471578744772819,-0.4825548829733789,False,True,True,False,False,False,False,False,False,False,True,False,False
0.7793926439599046,2,3.0,0.0,-0.7623828891458264,-0.7335121029446755,False,True,False,True,False,False,True,False,False,False,False,False,False
-0.7736503003004548,2,1.0,1.0,0.13135918891635845,0.2703167769405111,False,True,False,True,False,False,False,False,False,True,False,False,False
-0.40822843106272316,3,2.0,2.0,1.6390111665599771,2.2779745367108846,False,True,True,False,False,False,False,False,False,False,False,False,True
-1.0477167022287535,1,1.0,1.0,-0.6190998351911103,0.2703167769405111,False,True,False,False,True,False,False,False,False,False,True,False,False
-0.13416202913442443,1,1.0,3.0,-0.12602655813545538,-0.2315976630020822,False,True,False,True,False,False,False,False,False,True,False,False,False
-0.31687296375329027,3,1.0,1.0,-0.4941480335700263,-0.2315976630020822,False,True,False,True,False,False,False,False,False,False,True,False,False
-0.40822843106272316,2,2.0,2.0,1.1025414554083768,-0.06429284968788443,False,True,False,True,False,False,True,False,False,False,False,False,False
-1.2304276368476192,2,2.0,2.0,-0.04073011870549381,0.2703167769405111,False,True,False,False,True,False,False,False,False,False,True,False,False
-0.8650057676098877,2,1.0,0.0,-0.47394624528398277,-0.7335121029446755,False,True,False,True,False,False,False,False,False,False,True,False,False
-1.2304276368476192,2,1.0,2.0,-0.6112435841909822,-0.7335121029446755,True,False,False,True,False,False,False,False,False,False,True,False,False
1.3275254478165022,2,4.0,0.0,0.21553330677487315,0.2703167769405111,False,True,False,True,False,False,False,False,False,True,False,False,False
-0.8650057676098877,3,1.0,0.0,0.47217083944572236,1.2741456568256977,False,True,False,True,False,False,False,False,False,False,True,False,False
1.7843027843636667,3,1.0,2.0,2.275367497570348,1.7760600967682911,False,True,True,False,False,False,True,False,False,False,False,False,False
-0.31687296375329027,1,4.0,0.0,0.4957395924461065,0.5212739969118078,False,True,False,True,False,False,False,False,False,True,False,False,False
2.2410801209108313,3,2.0,2.0,4.332582938032447,3.281803416596071,True,False,True,False,False,False,False,False,False,False,False,False,True
0.5966817093410388,2,0.0,2.0,-0.46234892237903186,0.2703167769405111,True,False,False,False,True,False,True,False,False,False,False,False,False
0.3226153074127401,1,1.0,0.0,-1.0380998885312724,-1.2354265428872688,False,True,False,True,False,False,False,False,False,False,True,False,False
-1.4131385714664852,3,1.0,1.0,-0.7833328918128346,-0.7335121029446755,False,True,False,False,True,False,False,False,False,False,True,False,False
0.8707481112693376,2,1.0,2.0,-0.3261739050434792,-1.1517741362301699,True,False,False,True,False,False,False,False,False,False,True,False,False
0.8707481112693376,1,1.0,1.0,0.30120385339531697,0.6049264035689067,False,True,False,True,False,False,True,False,False,False,False,False,False
-0.9563612349193206,0,1.0,1.0,-0.2723024696140298,-0.2315976630020822,False,True,False,True,False,False,False,False,False,True,False,False,False
0.41397077472217303,3,0.0,1.0,-0.4578596360932444,1.2741456568256977,False,True,False,True,False,False,False,False,True,False,False,False,False
0.6880371766504717,1,1.0,1.0,-0.6946694876685324,-0.7335121029446755,False,True,False,True,False,False,True,False,False,False,False,False,False
-0.590939365681589,2,1.0,2.0,-0.8387007560042131,-0.9844693229159722,True,False,False,True,False,False,False,False,False,True,False,False,False
-0.22551749644385735,1,1.0,2.0,-0.3055980095669534,1.2741456568256977,False,True,False,False,True,False,False,False,False,False,False,True,False
0.2312598401033072,1,1.0,1.0,-0.9326016608152673,-0.7335121029446755,False,True,False,True,False,False,False,False,False,True,False,False,False
1.418880915125935,3,1.0,1.0,-0.7620087819553442,-1.0681217295730712,False,True,True,False,False,False,False,False,False,False,False,False,True
0.1399043727938743,1,1.0,2.0,-0.765749853860167,-0.9844693229159722,False,True,False,True,False,False,False,False,False,False,True,False,False
2.423791055529697,2,1.0,0.0,0.20805116296522738,0.2703167769405111,True,False,True,False,False,False,True,False,False,False,False,False,False
-1.4131385714664852,2,0.0,3.0,0.15567615629770715,0.2703167769405111,False,True,False,False,True,False,False,False,False,True,False,False,False
0.04854890548444138,2,1.0,1.0,-0.15034352551680405,-0.9844693229159722,False,True,False,False,True,False,True,False,False,False,False,False,False
0.9621035785787705,1,0.0,0.0,-0.9243713026246569,-1.1517741362301699,False,True,False,False,True,False,False,False,False,False,True,False,False
-0.9563612349193206,2,1.0,1.0,-0.8327150409564965,-0.4825548829733789,False,True,False,True,False,False,False,False,False,True,False,False,False
0.04854890548444138,2,0.0,0.0,-0.8809748685287117,-1.1517741362301699,False,True,True,False,False,False,False,False,False,False,True,False,False
-0.7736503003004548,2,3.0,2.0,-0.3272962266149261,-0.4825548829733789,False,True,False,True,False,True,False,False,False,False,False,False,False
-0.40822843106272316,2,0.0,0.0,-0.11218459208761074,-0.9008169162588733,True,False,False,False,True,False,True,False,False,False,False,False,False
0.3226153074127401,3,1.0,1.0,0.018004710200225326,1.2741456568256977,False,True,True,False,False,False,True,False,False,False,False,False,False
-0.22551749644385735,2,2.0,1.0,-0.31495068932901055,0.2703167769405111,False,True,False,True,False,False,False,False,False,True,False,False,False
-0.13416202913442443,1,2.0,0.0,-0.6104953698100177,-0.4825548829733789,False,True,False,True,False,False,False,False,False,False,True,False,False
0.5966817093410388,2,1.0,1.0,0.3561976103962132,-0.2315976630020822,False,True,False,True,False,False,False,False,False,True,False,False,False
-0.22551749644385735,3,1.0,3.0,-0.646035552905835,-0.7335121029446755,True,False,False,True,False,False,False,False,False,True,False,False,False
-0.042806561824991526,2,1.0,0.0,-0.7144971687640936,-0.7335121029446755,True,False,False,True,False,False,False,False,False,False,True,False,False
-0.7736503003004548,1,0.0,2.0,1.577657587320882,3.281803416596071,False,True,False,True,False,False,False,False,False,False,True,False,False
-0.49958389837215605,2,3.0,1.0,0.05541542924845408,0.2703167769405111,False,True,True,False,False,False,False,False,False,True,False,False,False
1.7843027843636667,0,1.0,1.0,-0.7522819950028047,-0.2315976630020822,True,False,True,False,False,False,False,False,False,False,False,True,False
-0.7736503003004548,2,1.0,2.0,-0.7130007400021645,-0.2315976630020822,True,False,False,True,False,False,False,False,False,True,False,False,False
0.04854890548444138,2,1.0,1.0,-0.6841944863350283,-0.7335121029446755,False,True,False,True,False,False,True,False,False,False,False,False,False
-1.1390721695381865,2,2.0,2.0,-0.6164810848577343,0.2703167769405111,True,False,False,False,True,False,False,False,False,False,True,False,False
0.7793926439599046,2,3.0,0.0,-0.308964974281294,0.2703167769405111,False,True,False,True,False,True,False,False,False,False,False,False,False
-0.9563612349193206,2,1.0,1.0,0.11527257972562008,-0.2315976630020822,True,False,False,True,False,False,False,False,False,False,True,False,False
-1.2304276368476192,2,2.0,2.0,-0.6310712652865436,-0.4825548829733789,False,True,False,True,False,False,False,False,False,False,False,True,False
-0.6822948329910219,2,2.0,2.0,-0.34525337175807586,-0.2315976630020822,True,False,False,True,False,False,True,False,False,False,False,False,False
-0.8650057676098877,2,1.0,3.0,-0.4773132099983234,0.2703167769405111,False,True,False,True,False,False,False,False,False,True,False,False,False
0.41397077472217303,2,1.0,0.0,-0.6045096547623011,0.2703167769405111,False,True,False,True,False,False,False,False,False,True,False,False,False
-0.40822843106272316,2,2.0,0.0,0.1571725850596363,0.2703167769405111,False,True,False,True,False,False,False,False,False,False,True,False,False
-0.31687296375329027,2,1.0,0.0,-0.18850245894599738,-0.9844693229159722,False,True,False,True,False,False,False,False,False,False,True,False,False
-0.49958389837215605,2,0.0,2.0,-0.4387801693786477,-0.7335121029446755,False,True,False,True,False,False,True,False,False,False,False,False,False
-0.9563612349193206,2,1.0,0.0,0.9615030445965544,0.7722312168831045,True,False,False,True,False,False,False,False,False,False,True,False,False
-1.0477167022287535,1,2.0,0.0,3.1384327860129853,2.2779745367108846,True,False,False,False,True,False,True,False,False,False,False,False,False
-1.2304276368476192,1,1.0,0.0,-0.7268427060500091,-0.7335121029446755,True,False,False,False,True,False,False,False,False,True,False,False,False
2.606501990148563,2,2.0,0.0,-0.6703525202871837,-0.6498596962875767,True,False,False,True,False,False,False,False,False,False,True,False,False
-0.042806561824991526,2,0.0,0.0,-0.4571114217122798,-0.4825548829733789,False,True,False,True,False,False,False,False,False,False,True,False,False
-0.042806561824991526,1,1.0,1.0,2.81370774467436,2.1943221300537856,True,False,False,True,False,False,True,False,False,False,False,False,False
0.04854890548444138,2,1.0,0.0,-0.6205962639530395,-0.7335121029446755,False,True,False,True,False,True,False,False,False,False,False,False,False
-1.2304276368476192,2,1.0,2.0,0.23610920225139895,0.7722312168831045,False,True,False,True,False,False,False,False,False,True,False,False,False
-0.22551749644385735,1,2.0,1.0,-0.9254936241961038,-0.7335121029446755,False,True,False,True,False,False,False,False,False,False,True,False,False
-0.8650057676098877,2,1.0,1.0,0.5937556763524658,2.2779745367108846,False,True,False,True,False,False,True,False,False,False,False,False,False
0.04854890548444138,3,0.0,2.0,3.3550408493022297,2.2779745367108846,False,True,True,False,False,False,True,False,False,False,False,False,False
-0.49958389837215605,1,1.0,0.0,-0.4387801693786477,0.2703167769405111,False,True,False,True,False,False,False,False,False,True,False,False,False
-0.042806561824991526,2,1.0,1.0,0.06925739529629872,-0.7335121029446755,False,True,True,False,False,False,True,False,False,False,False,False,False
0.8707481112693376,2,0.0,0.0,-0.711130204049753,-0.4825548829733789,False,True,True,False,False,False,True,False,False,False,False,False,False
-0.8650057676098877,2,1.0,1.0,-0.6942953804780502,-0.2315976630020822,False,True,False,True,False,False,False,False,False,False,True,False,False
-0.7736503003004548,3,1.0,1.0,-0.665489126810914,-0.9844693229159722,False,True,True,False,False,False,True,False,False,False,False,False,False
-0.8650057676098877,2,1.0,0.0,-0.7949302147177855,-0.7335121029446755,False,True,False,True,False,True,False,False,False,False,False,False,False
-0.590939365681589,2,1.0,0.0,-1.003682027006902,-1.2354265428872688,True,False,False,True,False,False,False,False,False,False,True,False,False
-0.13416202913442443,2,4.0,0.0,-0.2330212146133896,0.2703167769405111,False,True,False,True,False,False,False,False,False,False,True,False,False
-0.49958389837215605,3,0.0,0.0,2.9379113319144796,1.2741456568256977,False,True,False,True,False,False,True,False,False,False,False,False,False
-0.6822948329910219,2,1.0,0.0,-0.6804534144302055,-1.2354265428872688,True,False,False,True,False,False,False,False,False,False,True,False,False
-0.590939365681589,2,1.0,0.0,-0.38528284113968064,-0.7335121029446755,True,False,False,True,False,False,False,False,False,False,True,False,False
-0.49958389837215605,2,0.0,1.0,1.6910120660370151,0.2703167769405111,True,False,False,True,False,False,False,False,False,True,False,False,False
-0.49958389837215605,3,1.0,2.0,1.0340798395501183,0.5212739969118078,False,True,False,True,False,False,True,False,False,False,False,False,False
-0.7736503003004548,1,2.0,0.0,0.35096010972946123,0.2703167769405111,False,True,False,True,False,True,False,False,False,False,False,False,False
1.7843027843636667,2,1.0,1.0,1.373395061317553,0.2703167769405111,False,True,False,True,False,False,False,False,False,True,False,False,False
0.6880371766504717,1,4.0,0.0,-0.6303230509055789,0.2703167769405111,True,False,False,True,False,False,False,False,False,False,True,False,False
-1.1390721695381865,3,1.0,3.0,-0.463845351140961,-0.2315976630020822,True,False,False,True,False,False,True,False,False,False,False,False,False
1.0534590458882034,2,1.0,0.0,-0.6763382353349003,-0.7335121029446755,False,True,False,True,False,False,False,False,True,False,False,False,False
0.8707481112693376,2,1.0,1.0,1.7512433237046634,1.7760600967682911,False,True,True,False,False,False,False,False,False,True,False,False,False
-0.590939365681589,0,1.0,1.0,-0.7511596734313578,0.2703167769405111,True,False,False,False,True,False,True,False,False,False,False,False,False
2.423791055529697,2,3.0,0.0,-0.6969141308114262,-1.2354265428872688,False,True,False,True,False,False,False,True,False,False,False,False,False
0.5053262420316059,3,1.0,0.0,0.2495770611087613,0.2703167769405111,True,False,False,False,True,False,True,False,False,False,False,False,False
-1.1390721695381865,1,1.0,0.0,-0.9726311301968721,-1.4027313562014667,True,False,False,False,True,False,False,False,False,True,False,False,False
0.7793926439599046,1,0.0,1.0,0.5668199586377412,-1.2354265428872688,False,True,False,True,False,False,True,False,False,False,False,False,False
-0.22551749644385735,2,1.0,2.0,1.1979387889813602,0.2703167769405111,False,True,False,True,False,False,False,False,False,False,True,False,False
-0.31687296375329027,3,1.0,0.0,0.5555967429232725,1.2741456568256977,False,True,True,False,False,False,True,False,False,False,False,False,False
1.7843027843636667,2,4.0,0.0,-0.6157328704767697,-0.7335121029446755,False,True,True,False,False,False,False,False,False,False,False,True,False
-1.1390721695381865,1,2.0,2.0,-0.882845404481123,-0.7335121029446755,True,False,False,False,True,True,False,False,False,False,False,False,False
-0.31687296375329027,2,1.0,1.0,0.5170637023035969,0.7722312168831045,False,True,False,True,False,False,False,False,False,True,False,False,False
1.9670137189825325,1,1.0,1.0,-0.932227553624785,-0.7335121029446755,False,True,False,True,False,False,False,False,False,False,True,False,False
-0.49958389837215605,2,1.0,1.0,-0.403988200663795,-0.7335121029446755,False,True,False,True,False,False,True,False,False,False,False,False,False
-0.49958389837215605,2,1.0,2.0,-0.8540391508139868,-0.9844693229159722,True,False,False,True,False,False,False,False,False,True,False,False,False
0.04854890548444138,2,0.0,2.0,-0.16493370594561327,0.2703167769405111,False,True,True,False,False,False,True,False,False,False,False,False,False
-0.40822843106272316,1,1.0,0.0,-0.5480194689994757,-0.7335121029446755,True,False,False,True,False,False,False,False,False,True,False,False,False
1.2361699805070692,2,2.0,3.0,-0.7762248551936711,-0.9844693229159722,False,True,False,True,False,False,False,False,False,False,True,False,False
1.2361699805070692,1,1.0,0.0,-0.9580409497680629,-0.7335121029446755,False,True,False,True,False,False,True,False,False,False,False,False,False
-0.6822948329910219,2,1.0,1.0,0.8118601684036395,1.2741456568256977,False,True,False,True,False,False,False,False,False,True,False,False,False
-0.9563612349193206,2,0.0,2.0,-0.07851494494420486,0.7722312168831045,True,False,False,True,False,False,False,False,False,False,True,False,False
1.418880915125935,2,2.0,0.0,-0.9423284477678068,-0.7335121029446755,True,False,False,True,False,False,True,False,False,False,False,False,False
2.7892129247674284,1,3.0,2.0,-0.9109034437672946,-0.7335121029446755,False,True,False,True,False,False,False,False,False,False,True,False,False
-0.6822948329910219,2,1.0,0.0,2.3834844756197295,1.2741456568256977,False,True,False,True,False,True,False,False,False,False,False,False,False
2.606501990148563,2,1.0,2.0,-0.9157668372435643,-1.2354265428872688,True,False,False,True,False,False,False,False,False,False,True,False,False
-1.0477167022287535,2,1.0,1.0,-0.7459221727646058,0.2703167769405111,True,False,False,False,True,False,True,False,False,False,False,False,False
0.2312598401033072,1,1.0,1.0,-0.38528284113968064,-0.7335121029446755,False,True,False,True,False,False,True,False,False,False,False,False,False
-0.40822843106272316,3,1.0,0.0,-0.2973676513763431,-0.9844693229159722,False,True,False,True,False,False,False,False,False,True,False,False,False
-1.0477167022287535,1,0.0,1.0,0.21029580610812112,0.019359556969214452,False,True,False,True,False,False,True,False,False,False,False,False,False
1.0534590458882034,1,1.0,2.0,-0.8390748631946954,-0.7335121029446755,False,True,False,True,False,False,True,False,False,False,False,False,False
-0.9563612349193206,1,1.0,0.0,-0.3706926607108714,-0.9008169162588733,False,True,False,False,True,False,False,False,False,True,False,False,False
-0.9563612349193206,1,1.0,2.0,-0.8734927247190658,-0.2315976630020822,False,True,False,True,False,False,False,False,False,False,True,False,False
-0.13416202913442443,3,1.0,3.0,-0.6972882380019084,-0.9844693229159722,False,True,False,True,False,False,False,False,False,False,True,False,False
1.6929473170542337,2,0.0,0.0,-0.9292346961009267,0.2703167769405111,False,True,False,True,False,False,True,False,False,False,False,False,False
-0.49958389837215605,3,1.0,0.0,-0.5165944649989636,-0.2315976630020822,False,True,False,True,False,False,True,False,False,False,False,False,False
1.6929473170542337,3,1.0,0.0,0.13734490396407506,-0.4825548829733789,True,False,False,False,True,False,False,False,False,False,True,False,False
0.5053262420316059,1,1.0,2.0,1.0299646604548132,1.7760600967682911,True,False,False,True,False,True,False,False,False,False,False,False,False
-0.8650057676098877,2,0.0,1.0,-0.1454801320405343,0.2703167769405111,True,False,False,False,True,False,True,False,False,False,False,False,False
-0.8650057676098877,2,0.0,2.0,-0.5558757199996037,0.7722312168831045,True,False,False,True,False,False,False,False,False,False,True,False,False
-0.9563612349193206,2,0.0,0.0,-0.3018569376621305,1.2741456568256977,True,False,False,True,False,False,False,False,False,False,True,False,False
0.41397077472217303,2,0.0,0.0,-0.04634172656272813,0.7722312168831045,False,True,False,True,False,False,False,False,False,False,True,False,False
-1.1390721695381865,2,0.0,0.0,-0.8248587899563685,-0.7335121029446755,True,False,False,True,False,False,False,False,False,False,False,True,False
2.51514652283913,2,1.0,1.0,1.3599272024601907,3.281803416596071,False,True,False,True,False,True,False,False,False,False,False,False,False
-0.49958389837215605,2,1.0,2.0,-0.4485069563311872,-0.7335121029446755,False,True,False,False,True,False,True,False,False,False,False,False,False
1.9670137189825325,3,4.0,1.0,-0.7369436001930308,0.2703167769405111,True,False,False,False,True,False,False,False,False,False,True,False,False
-0.9563612349193206,1,1.0,2.0,-0.9412061261963599,-0.7335121029446755,False,True,False,True,False,False,True,False,False,False,False,False,False
-1.3217831041570522,2,2.0,2.0,0.08983329077282454,0.7722312168831045,True,False,False,False,True,False,False,False,False,True,False,False,False
-0.9563612349193206,1,1.0,3.0,-0.32692211942444377,-0.4825548829733789,True,False,False,True,False,False,False,False,False,False,True,False,False
2.3324355882202643,1,2.0,2.0,-0.16231495561223727,0.019359556969214452,False,True,False,False,True,True,False,False,False,False,False,False,False
-0.49958389837215605,3,2.0,2.0,-0.47955785314121707,0.7722312168831045,False,True,False,True,False,False,False,False,False,False,True,False,False
-0.8650057676098877,2,1.0,0.0,0.11863954443996066,-1.2354265428872688,False,True,False,False,True,False,True,False,False,False,False,False,False
-0.6822948329910219,2,1.0,0.0,-0.3430087286151821,0.2703167769405111,False,True,False,True,False,False,False,False,False,False,True,False,False
-0.22551749644385735,2,4.0,0.0,-0.6202221567625572,-1.2354265428872688,False,True,False,True,False,False,False,False,False,True,False,False,False
-1.2304276368476192,2,1.0,1.0,0.16802169358362262,-0.2315976630020822,True,False,False,False,True,False,False,False,False,True,False,False,False
0.2312598401033072,2,1.0,0.0,-0.47768731718880564,-0.9008169162588733,False,True,False,True,False,False,False,False,False,False,True,False,False
-0.6822948329910219,2,1.0,0.0,-0.7302096707643497,0.2703167769405111,False,True,False,True,False,False,True,False,False,False,False,False,False
-0.40822843106272316,3,0.0,0.0,2.1496674815682995,1.2741456568256977,False,True,False,True,False,False,True,False,False,False,False,False,False
1.3275254478165022,2,1.0,0.0,-0.6142364417148406,0.2703167769405111,False,True,False,True,False,True,False,False,False,False,False,False,False
-1.1390721695381865,2,1.0,3.0,-1.0508195330076702,-0.4825548829733789,True,False,False,False,True,False,False,False,True,False,False,False,False
-0.7736503003004548,2,1.0,2.0,-0.6770864497158648,-0.9844693229159722,False,True,False,True,False,True,False,False,False,False,False,False,False
2.8805683920768614,2,0.0,1.0,-0.7601382460029327,-1.2354265428872688,False,True,False,True,False,False,False,False,False,False,True,False,False
0.3226153074127401,1,1.0,1.0,0.07374668158208617,-1.0681217295730712,False,True,False,True,False,False,True,False,False,False,False,False,False
-0.22551749644385735,1,0.0,0.0,-0.8993061208623437,-0.7335121029446755,True,False,False,True,False,False,False,False,False,False,True,False,False
-0.6822948329910219,3,1.0,2.0,0.39211190068251284,0.7722312168831045,False,True,False,True,False,False,True,False,False,False,False,False,False
-0.9563612349193206,2,3.0,2.0,0.004536851342862976,-0.2315976630020822,False,True,False,False,True,False,False,False,False,False,True,False,False
-0.31687296375329027,2,0.0,0.0,-0.20159621061287744,-0.2315976630020822,False,True,False,True,False,False,True,False,False,False,False,False,False
0.2312598401033072,2,1.0,0.0,-0.6239632286673801,0.2703167769405111,True,False,False,True,False,False,False,False,False,False,True,False,False
-0.31687296375329027,1,1.0,2.0,-0.7107560968592708,-0.2315976630020822,False,True,False,True,False,False,False,False,False,False,True,False,False
1.418880915125935,2,1.0,2.0,0.587395854114267,-0.8171645096017744,False,True,False,True,False,False,False,False,False,False,True,False,False
-0.7736503003004548,2,2.0,2.0,0.5144449519702209,2.0270173167395877,False,True,False,True,False,False,True,False,False,False,False,False,False
-1.1390721695381865,2,1.0,0.0,-0.341512299853253,0.019359556969214452,True,False,False,True,False,False,False,False,False,True,False,False,False
-0.590939365681589,1,0.0,2.0,-0.32467747628155,0.2703167769405111,False,True,False,True,False,False,False,False,False,True,False,False,False
-1.0477167022287535,2,4.0,2.0,-1.0354811381978963,-1.2354265428872688,True,False,False,False,True,False,False,False,True,False,False,False,False
0.04854890548444138,2,0.0,0.0,1.1609021771236137,1.2741456568256977,False,True,False,True,False,True,False,False,False,False,False,False,False
-0.9563612349193206,2,1.0,0.0,1.7411424295616418,1.2741456568256977,True,False,False,True,False,False,True,False,False,False,False,False,False
-0.49958389837215605,2,2.0,2.0,-0.12677477251641994,1.2741456568256977,False,True,True,False,False,False,True,False,False,False,False,False,False
-0.7736503003004548,0,4.0,3.0,-0.932227553624785,-1.2354265428872688,False,True,False,True,False,False,True,False,False,False,False,False,False
0.04854890548444138,2,0.0,2.0,-0.3815417692348578,0.7722312168831045,False,True,False,True,False,False,True,False,False,False,False,False,False
-1.1390721695381865,1,1.0,2.0,-0.8054052160512896,-0.9008169162588733,False,True,False,True,False,False,False,False,False,False,True,False,False
-0.9563612349193206,3,1.0,1.0,1.8197049395629221,1.2741456568256977,True,False,False,True,False,False,False,False,True,False,False,False,False
-1.3217831041570522,1,1.0,1.0,1.2596664754109377,0.2703167769405111,False,True,False,True,False,True,False,False,False,False,False,False,False
-1.4131385714664852,2,4.0,0.0,-0.005564042800158787,-0.4825548829733789,True,False,False,False,True,False,True,False,False,False,False,False,False
1.3275254478165022,2,3.0,0.0,-0.7350730642406195,-1.2354265428872688,False,True,False,False,True,False,True,False,False,False,False,False,False
-0.590939365681589,1,1.0,1.0,-0.5768257226666118,0.2703167769405111,True,False,False,False,True,False,False,False,False,False,True,False,False
-1.1390721695381865,2,1.0,3.0,-0.7122525256211999,-0.7335121029446755,False,True,False,False,True,False,False,False,False,False,True,False,False
3.1546347940051604,3,1.0,2.0,1.5365057963678304,-0.9008169162588733,False,True,True,False,False,False,True,False,False,False,False,False,False
-0.13416202913442443,2,1.0,0.0,0.4688038747313818,1.2741456568256977,True,False,False,True,False,False,False,False,False,False,True,False,False
-0.31687296375329027,2,1.0,2.0,-0.251726574137504,0.5212739969118078,True,False,False,True,False,True,False,False,False,False,False,False,False
1.2361699805070692,1,1.0,2.0,-0.028758688610060614,-0.7335121029446755,False,True,False,True,False,False,True,False,False,False,False,False,False
0.7793926439599046,3,1.0,2.0,3.5084247973999676,0.2703167769405111,True,False,True,False,False,False,True,False,False,False,False,False,False
-0.31687296375329027,2,0.0,0.0,-0.0833783384204746,0.2703167769405111,False,True,False,True,False,True,False,False,False,False,False,False,False
-0.22551749644385735,2,1.0,1.0,-0.8420677207185537,-0.4825548829733789,False,True,False,False,True,False,True,False,False,False,False,False,False
1.510236382435368,3,0.0,0.0,-0.39949891437800755,-0.7335121029446755,True,False,True,False,False,False,True,False,False,False,False,False,False
1.0534590458882034,2,1.0,2.0,-0.3171953324719043,0.019359556969214452,False,True,False,True,False,False,True,False,False,False,False,False,False
-0.22551749644385735,2,1.0,1.0,0.2862395657760255,-0.2315976630020822,True,False,False,False,True,False,True,False,False,False,False,False,False
0.04854890548444138,1,1.0,1.0,-0.6834462719540638,-1.2354265428872688,False,True,False,True,False,False,False,False,False,True,False,False,False
1.9670137189825325,1,3.0,3.0,-0.7268427060500091,0.2703167769405111,True,False,False,True,False,False,False,False,False,False,True,False,False
-0.7736503003004548,2,2.0,2.0,-0.45112570666456325,-0.7335121029446755,False,True,False,True,False,False,True,False,False,False,False,False,False
-0.40822843106272316,2,1.0,0.0,2.381239832476836,1.2741456568256977,True,False,False,True,False,False,False,False,False,False,True,False,False
-0.6822948329910219,1,1.0,2.0,-1.0164016714832997,-1.2354265428872688,False,True,False,True,False,False,False,False,False,False,True,False,False
1.6929473170542337,2,1.0,1.0,-0.6703525202871837,-0.7335121029446755,False,True,False,True,False,False,True,False,False,False,False,False,False
-1.0477167022287535,2,1.0,2.0,-0.3931390921398087,0.7722312168831045,True,False,False,True,False,False,True,False,False,False,False,False,False
-0.13416202913442443,3,2.0,2.0,1.3651647031269427,-0.4825548829733789,False,True,False,True,False,False,True,False,False,False,False,False,False
0.04854890548444138,2,1.0,1.0,0.2634190271566059,-0.8171645096017744,False,True,False,False,True,False,True,False,False,False,False,False,False
1.2361699805070692,2,1.0,2.0,1.9397933477077363,0.7722312168831045,False,True,False,True,False,False,False,False,False,True,False,False,False
0.7793926439599046,2,0.0,0.0,1.0258494813595078,0.2703167769405111,True,False,False,True,False,False,False,False,False,False,True,False,False
0.3226153074127401,2,0.0,3.0,-0.7219793125737394,-0.4825548829733789,False,True,True,False,False,False,False,False,False,False,True,False,False
2.0583691862919653,2,1.0,2.0,4.767669600563347,2.779888976653478,False,True,False,False,True,True,False,False,False,False,False,False,False
-0.7736503003004548,2,1.0,2.0,-0.10133548356362439,-0.7335121029446755,True,False,False,True,False,False,False,False,False,False,True,False,False
-0.8650057676098877,1,0.0,0.0,-0.9045436215290957,-1.2354265428872688,False,True,False,True,False,False,True,False,False,False,False,False,False
-0.9563612349193206,1,1.0,2.0,0.5743021024473869,0.2703167769405111,True,False,False,True,False,False,False,False,False,True,False,False,False
-1.2304276368476192,2,2.0,1.0,-0.9202561235293518,-0.7335121029446755,True,False,False,True,False,False,False,True,False,False,False,False,False
1.7843027843636667,2,4.0,0.0,-0.6688560915252546,-0.7335121029446755,False,True,False,True,False,False,True,False,False,False,False,False,False
-0.9563612349193206,2,1.0,1.0,-0.6613739477156089,-0.4825548829733789,True,False,False,False,True,False,False,False,False,True,False,False,False
-0.590939365681589,1,3.0,0.0,-0.777347176765118,-0.7335121029446755,True,False,False,False,True,False,False,False,False,True,False,False,False
1.510236382435368,3,0.0,2.0,1.2222557563627088,-0.7335121029446755,False,True,False,True,False,False,False,False,False,False,True,False,False
0.9621035785787705,2,4.0,0.0,-0.7676203898125785,-0.2315976630020822,False,True,False,True,False,False,False,False,False,False,True,False,False
1.6015918497448007,2,1.0,1.0,0.6244324659720134,0.2703167769405111,False,True,True,False,False,False,True,False,False,False,False,False,False
-0.40822843106272316,2,1.0,1.0,-0.1701712066123653,1.2741456568256977,False,True,False,True,False,False,False,False,False,True,False,False,False
-1.3217831041570522,2,1.0,0.0,-0.536796253285007,-1.2354265428872688,False,True,False,False,True,False,False,False,False,True,False,False,False
-0.49958389837215605,2,4.0,0.0,-0.8383266488137309,-0.4825548829733789,True,False,False,True,False,False,False,False,False,True,False,False,False
-0.8650057676098877,2,0.0,0.0,0.7658449839743181,0.019359556969214452,False,True,False,True,False,False,True,False,False,False,False,False,False
-1.1390721695381865,2,1.0,3.0,0.26641188468046423,1.2741456568256977,False,True,False,True,False,False,False,False,False,False,True,False,False
-0.9563612349193206,2,0.0,1.0,-0.6845685935255107,0.2703167769405111,True,False,False,False,True,False,True,False,False,False,False,False,False
-0.042806561824991526,3,1.0,0.0,0.21665562834632,-0.2315976630020822,False,True,False,True,False,False,False,False,False,True,False,False,False
-0.22551749644385735,2,1.0,0.0,0.7291824793070539,0.2703167769405111,False,True,False,True,False,False,False,False,False,True,False,False,False
-0.13416202913442443,2,4.0,0.0,-0.6269560861912383,0.2703167769405111,True,False,False,True,False,False,True,False,False,False,False,False,False
-0.13416202913442443,2,1.0,0.0,-0.16530781313609555,-0.7335121029446755,False,True,False,True,False,False,False,False,False,True,False,False,False
-0.49958389837215605,2,1.0,0.0,0.5447476343992862,-0.4825548829733789,False,True,False,True,False,False,True,False,False,False,False,False,False
-0.49958389837215605,2,1.0,1.0,-0.5981498325241023,0.019359556969214452,False,True,False,True,False,False,True,False,False,False,False,False,False
1.1448145131976364,2,2.0,1.0,-0.7156194903355405,-0.9844693229159722,False,True,False,True,False,False,False,False,False,False,False,True,False
-1.2304276368476192,2,1.0,2.0,-0.6995328811448022,-0.7335121029446755,False,True,False,True,False,False,False,False,False,False,True,False,False
-0.49958389837215605,2,2.0,2.0,0.13659668958311047,2.2779745367108846,False,True,False,True,False,True,False,False,False,False,False,False,False
0.9621035785787705,2,1.0,1.0,0.2731458141091454,2.2779745367108846,False,True,True,False,False,False,True,False,False,False,False,False,False
-1.2304276368476192,2,1.0,0.0,-1.0354811381978963,-0.2315976630020822,True,False,False,False,True,False,False,False,False,False,True,False,False
0.6880371766504717,2,1.0,2.0,0.32028332010991367,0.2703167769405111,False,True,False,True,False,False,False,False,False,True,False,False,False
0.1399043727938743,2,1.0,2.0,-0.8974355849099322,-0.4825548829733789,False,True,False,True,False,False,False,False,False,False,True,False,False
0.5966817093410388,3,1.0,1.0,1.7067245680372711,2.2779745367108846,False,True,True,False,False,False,True,False,False,False,False,False,False
0.7793926439599046,1,1.0,2.0,1.123491458075385,-0.2315976630020822,False,True,False,True,False,False,False,False,False,False,False,True,False
-0.6822948329910219,2,3.0,0.0,-0.6826980575730992,0.2703167769405111,True,False,False,True,False,False,False,False,False,False,True,False,False
0.41397077472217303,2,0.0,0.0,-0.6789569856682763,-0.4825548829733789,False,True,False,False,True,False,False,False,False,False,True,False,False
-0.9563612349193206,1,1.0,2.0,0.5780431743522098,2.0270173167395877,False,True,False,True,False,False,False,False,False,False,True,False,False
-0.9563612349193206,2,1.0,2.0,4.197530242268341,2.2779745367108846,False,True,False,True,False,True,False,False,False,False,False,False,False
-0.8650057676098877,0,1.0,3.0,-0.9696382726730137,-0.7335121029446755,True,False,False,True,False,True,False,False,False,False,False,False,False
-0.8650057676098877,2,1.0,3.0,0.20505830544136908,0.2703167769405111,True,False,False,True,False,False,False,False,False,True,False,False,False
-0.042806561824991526,2,1.0,0.0,-0.3198140828052803,0.2703167769405111,False,True,False,True,False,False,True,False,False,False,False,False,False
-0.042806561824991526,2,4.0,0.0,-0.6018909044289251,-0.7335121029446755,True,False,False,True,False,False,False,False,False,True,False,False,False
-1.0477167022287535,2,1.0,2.0,0.9510280432630505,0.2703167769405111,True,False,True,False,False,False,False,False,True,False,False,False,False
-1.4131385714664852,2,0.0,1.0,-0.07664440899179342,0.2703167769405111,False,True,False,True,False,False,False,False,False,True,False,False,False
-0.40822843106272316,2,0.0,0.0,-0.8499239717186817,0.2703167769405111,False,True,False,True,False,False,False,False,False,True,False,False,False
1.1448145131976364,2,1.0,1.0,-0.7926855715748917,-0.7335121029446755,False,True,False,True,False,False,True,False,False,False,False,False,False
2.7892129247674284,3,1.0,3.0,-0.48367303223652225,0.7722312168831045,False,True,False,True,False,True,False,False,False,False,False,False,False
-0.7736503003004548,2,0.0,0.0,-0.7406846720978538,-1.2354265428872688,False,True,False,True,False,False,False,False,False,True,False,False,False
-1.1390721695381865,2,4.0,0.0,0.06252346586761755,-0.4825548829733789,False,True,False,False,True,False,True,False,False,False,False,False,False
-0.9563612349193206,2,1.0,1.0,-0.49339981918906173,-0.2315976630020822,True,False,False,False,True,False,False,False,False,False,True,False,False
0.04854890548444138,2,3.0,0.0,-0.72534627728808,-0.4825548829733789,False,True,False,True,False,False,False,True,False,False,False,False,False
0.1399043727938743,2,1.0,0.0,-0.5169685721894458,1.2741456568256977,False,True,True,False,False,False,False,False,True,False,False,False,False
0.5053262420316059,1,1.0,1.0,-0.9498105915774525,-1.2354265428872688,False,True,False,True,False,False,True,False,False,False,False,False,False
0.1399043727938743,3,0.0,3.0,0.07412078877256846,-0.7335121029446755,False,True,False,True,False,False,False,False,False,False,True,False,False
2.3324355882202643,2,0.0,2.0,-0.7339507426691726,-0.2315976630020822,False,True,True,False,False,False,False,False,True,False,False,False,False
-0.7736503003004548,2,4.0,2.0,2.9031193631996266,2.2779745367108846,False,True,False,True,False,False,False,False,False,False,True,False,False
-0.40822843106272316,2,1.0,0.0,1.08832538217005,2.2779745367108846,False,True,True,False,False,False,False,False,True,False,False,False,False
-0.042806561824991526,1,0.0,0.0,2.190071058140387,1.2741456568256977,False,True,True,False,False,False,False,False,True,False,False,False,False
0.3226153074127401,2,1.0,0.0,-0.6464096600963173,-0.2315976630020822,False,True,False,True,False,False,False,False,False,False,True,False,False
-0.40822843106272316,2,1.0,0.0,-0.6886837726208158,-0.4825548829733789,False,True,False,True,False,False,False,False,False,False,True,False,False
-1.1390721695381865,2,1.0,1.0,0.3401110012054749,0.2703167769405111,False,True,False,False,True,False,False,False,False,True,False,False,False
0.5966817093410388,3,1.0,0.0,2.6805255848626657,3.281803416596071,False,True,False,True,False,False,True,False,False,False,False,False,False
0.3226153074127401,3,1.0,1.0,0.053919000486524926,0.2703167769405111,False,True,False,False,True,False,False,False,False,True,False,False,False
0.6880371766504717,2,0.0,0.0,-0.37555605418714116,0.2703167769405111,False,True,False,True,False,False,True,False,False,False,False,False,False
0.2312598401033072,0,1.0,0.0,-0.8510462932901286,-0.7335121029446755,True,False,False,True,False,False,True,False,False,False,False,False,False
-1.2304276368476192,2,1.0,2.0,-0.4346649902833426,0.2703167769405111,False,True,False,True,False,False,False,False,False,False,True,False,False
0.2312598401033072,3,1.0,0.0,1.725804034751868,0.2703167769405111,False,True,False,True,False,False,True,False,False,False,False,False,False
0.04854890548444138,2,1.0,0.0,-0.8128873598609353,-0.2315976630020822,True,False,False,True,False,False,True,False,False,False,False,False,False
-0.49958389837215605,2,1.0,0.0,-0.9329757680057496,-0.7335121029446755,False,True,False,True,False,False,False,False,False,False,True,False,False
-0.590939365681589,2,4.0,2.0,1.7048540320848597,0.2703167769405111,True,False,False,False,True,False,True,False,False,False,False,False,False
-0.9563612349193206,2,2.0,2.0,-0.7245980629071154,-0.4825548829733789,False,True,False,False,True,False,True,False,False,False,False,False,False
0.1399043727938743,1,1.0,2.0,-0.4784355315697702,-0.7335121029446755,False,True,False,True,False,False,False,False,False,True,False,False,False
-0.8650057676098877,1,2.0,0.0,0.40071636606360544,0.7722312168831045,False,True,False,True,False,True,False,False,False,False,False,False,False
-0.31687296375329027,2,1.0,0.0,0.521178881398902,-0.2315976630020822,False,True,False,True,False,False,False,False,False,False,True,False,False
-0.49958389837215605,3,0.0,1.0,4.106996302171628,1.5251028767969945,False,True,False,True,False,False,False,False,False,True,False,False,False
-0.22551749644385735,3,1.0,0.0,0.6147056790194739,2.2779745367108846,False,True,False,False,True,True,False,False,False,False,False,False,False
-0.8650057676098877,2,1.0,2.0,-0.7481668159074996,0.2703167769405111,False,True,False,True,False,False,True,False,False,False,False,False,False
0.8707481112693376,2,1.0,1.0,-0.3359006919960187,0.2703167769405111,False,True,False,True,False,False,True,False,False,False,False,False,False
-1.0477167022287535,2,1.0,0.0,-0.8488016501472349,-1.2354265428872688,True,False,False,True,False,False,False,False,False,False,True,False,False
-0.22551749644385735,2,2.0,0.0,-0.646035552905835,0.2703167769405111,False,True,False,True,False,False,True,False,False,False,False,False,False
1.510236382435368,2,1.0,0.0,-0.04634172656272813,-0.7335121029446755,False,True,False,True,False,False,False,False,False,False,True,False,False
0.04854890548444138,3,3.0,2.0,-0.31233193899563455,-0.7335121029446755,False,True,False,True,False,False,True,False,False,False,False,False,False
-0.31687296375329027,2,1.0,0.0,-0.9352204111486433,-0.7335121029446755,False,True,False,True,False,False,False,False,True,False,False,False,False
-0.13416202913442443,3,1.0,2.0,-0.4253123105212854,0.2703167769405111,True,False,False,True,False,False,False,False,False,True,False,False,False
-0.6822948329910219,2,1.0,0.0,0.05317078610556036,-0.4825548829733789,False,True,True,False,False,False,False,False,False,True,False,False,False
-0.7736503003004548,2,1.0,1.0,-0.5775739370475764,-0.7335121029446755,False,True,False,True,False,False,False,False,False,True,False,False,False
-0.042806561824991526,2,2.0,0.0,-0.39650605685414925,-0.7335121029446755,False,True,False,True,False,False,False,False,False,False,True,False,False
0.2312598401033072,2,0.0,2.0,1.3019405879354362,2.2779745367108846,False,True,True,False,False,True,False,False,False,False,False,False,False
-1.2304276368476192,2,1.0,1.0,0.2888583161094015,-0.5662072896304777,False,True,True,False,False,False,True,False,False,False,False,False,False
0.5966817093410388,3,1.0,2.0,1.9143540587549408,0.5212739969118078,True,False,True,False,False,True,False,False,False,False,False,False,False
1.0534590458882034,2,2.0,3.0,-0.682323950382617,0.2703167769405111,True,False,True,False,False,False,False,False,False,False,True,False,False
0.1399043727938743,1,1.0,1.0,-0.7208569910022925,-0.7335121029446755,True,False,False,True,False,False,True,False,False,False,False,False,False
-0.13416202913442443,2,0.0,0.0,1.2443280806011638,3.281803416596071,False,True,True,False,False,False,True,False,False,False,False,False,False
-0.40822843106272316,2,1.0,1.0,-0.014916722562215975,0.2703167769405111,False,True,False,False,True,True,False,False,False,False,False,False,False
1.1448145131976364,2,0.0,0.0,2.2731228544274544,0.2703167769405111,False,True,True,False,False,False,True,False,False,False,False,False,False
-0.13416202913442443,2,1.0,1.0,-0.5083641068083532,1.2741456568256977,True,False,False,True,False,False,True,False,False,False,False,False,False
-0.7736503003004548,2,0.0,0.0,1.7879058283719276,1.2741456568256977,False,True,False,False,True,True,False,False,False,False,False,False,False
1.3275254478165022,2,0.0,0.0,-0.30335336642405963,-0.7335121029446755,False,True,False,True,False,False,True,False,False,False,False,False,False
2.697857457457996,2,1.0,1.0,-0.22479085642277927,-0.2315976630020822,False,True,True,False,False,False,False,False,False,False,True,False,False
-1.2304276368476192,2,1.0,1.0,0.16128776415494145,0.2703167769405111,True,False,False,False,True,False,True,False,False,False,False,False,False
0.41397077472217303,3,2.0,0.0,0.5320279899228884,-0.4825548829733789,False,True,False,True,False,False,False,False,True,False,False,False,False
-0.13416202913442443,2,1.0,0.0,-0.6389275162866715,-0.7335121029446755,True,False,False,True,False,False,False,False,False,False,True,False,False
0.3226153074127401,2,1.0,1.0,-0.8757373678619595,-1.2354265428872688,True,False,False,True,False,False,True,False,False,False,False,False,False
-0.9563612349193206,2,1.0,0.0,-0.7268427060500091,0.2703167769405111,False,True,False,True,False,True,False,False,False,False,False,False,False
-1.0477167022287535,2,2.0,2.0,1.2566736178870794,2.2779745367108846,False,True,False,True,False,False,True,False,False,False,False,False,False
-0.7736503003004548,3,1.0,2.0,4.05013200921832,3.281803416596071,False,True,False,True,False,False,True,False,False,False,False,False,False
1.418880915125935,2,0.0,0.0,0.05279667891507807,1.2741456568256977,False,True,False,True,False,False,False,False,False,False,True,False,False
0.04854890548444138,3,0.0,2.0,1.4426048915567762,-0.06429284968788443,False,True,False,False,True,False,True,False,False,False,False,False,False
-0.042806561824991526,2,1.0,0.0,0.9880646551207969,1.2741456568256977,False,True,False,True,False,False,True,False,False,False,False,False,False
0.3226153074127401,2,1.0,1.0,-0.25397121728039773,0.7722312168831045,False,True,False,True,False,False,False,False,False,False,True,False,False
2.2410801209108313,2,1.0,1.0,-0.3572248018535091,-0.7335121029446755,False,True,False,True,False,False,False,False,False,True,False,False,False
-0.22551749644385735,2,1.0,2.0,0.01613417424781389,-0.2315976630020822,True,False,False,True,False,False,False,False,False,True,False,False,False
-1.0477167022287535,2,1.0,3.0,0.9903092982636906,1.2741456568256977,False,True,False,True,False,False,False,False,False,False,True,False,False
0.1399043727938743,1,1.0,3.0,0.2798797435378266,-0.9008169162588733,False,True,False,True,False,False,True,False,False,False,False,False,False
-0.31687296375329027,1,1.0,0.0,-0.7369436001930308,-0.9008169162588733,False,True,False,True,False,False,True,False,False,False,False,False,False
-1.1390721695381865,2,1.0,1.0,-0.6580069830012683,0.2703167769405111,True,False,False,False,True,False,True,False,False,False,False,False,False
-0.7736503003004548,2,1.0,0.0,0.24284313168008012,-0.2315976630020822,False,True,False,True,False,False,True,False,False,False,False,False,False
0.3226153074127401,1,0.0,2.0,-0.8488016501472349,-1.2354265428872688,True,False,False,True,False,False,False,False,True,False,False,False,False
-0.042806561824991526,3,1.0,0.0,-0.6763382353349003,-0.8171645096017744,True,False,False,True,False,False,True,False,False,False,False,False,False
-0.40822843106272316,2,1.0,0.0,-0.6763382353349003,0.2703167769405111,False,True,False,True,False,False,True,False,False,False,False,False,False
0.04854890548444138,2,1.0,1.0,-0.55363107685671,-0.4825548829733789,False,True,False,True,False,False,True,False,False,False,False,False,False
0.04854890548444138,2,1.0,2.0,-0.3231810475196209,1.2741456568256977,False,True,False,True,False,False,False,False,False,False,True,False,False
-0.49958389837215605,2,1.0,0.0,-0.5465230402375465,-1.2354265428872688,False,True,False,False,True,False,False,False,False,False,True,False,False
-0.9563612349193206,2,1.0,0.0,-0.3602176593773674,-0.2315976630020822,True,False,False,True,False,False,False,False,False,False,True,False,False
1.2361699805070692,2,0.0,0.0,-0.32542569066251464,-0.7335121029446755,False,True,False,True,False,False,False,False,False,False,True,False,False
0.5966817093410388,2,1.0,1.0,-0.2333953218038719,-0.7335121029446755,False,True,False,True,False,False,False,False,False,True,False,False,False
-0.042806561824991526,3,1.0,0.0,1.5159299008913045,1.023188436854401,False,True,False,True,False,False,True,False,False,False,False,False,False
-0.042806561824991526,2,1.0,2.0,-0.47955785314121707,-0.9844693229159722,False,True,False,False,True,False,False,False,False,True,False,False,False
0.04854890548444138,2,0.0,0.0,1.3247611265548556,0.7722312168831045,False,True,False,True,False,False,False,False,False,False,True,False,False
0.1399043727938743,2,1.0,0.0,0.12499936667815956,1.2741456568256977,False,True,False,True,False,False,True,False,False,False,False,False,False
1.3275254478165022,3,1.0,1.0,1.5993558043688547,2.2779745367108846,False,True,True,False,False,False,False,False,True,False,False,False,False
-0.042806561824991526,2,2.0,0.0,-0.7470444943360527,-1.2354265428872688,False,True,False,False,True,False,True,False,False,False,False,False,False
-0.49958389837215605,2,2.0,2.0,0.9970432276923717,-0.2315976630020822,False,True,False,True,False,False,True,False,False,False,False,False,False
-0.40822843106272316,2,4.0,1.0,0.1683958007741049,-0.7335121029446755,False,True,False,True,False,False,True,False,False,False,False,False,False
-1.1390721695381865,2,1.0,0.0,1.4687923948905364,1.2741456568256977,True,False,False,False,True,False,False,False,False,True,False,False,False
0.9621035785787705,2,3.0,0.0,-0.9254936241961038,-0.9008169162588733,False,True,True,False,False,False,False,False,True,False,False,False,False
-1.3217831041570522,1,1.0,1.0,-0.45411856418842156,0.2703167769405111,False,True,False,False,True,False,False,False,False,False,True,False,False
-0.49958389837215605,3,3.0,0.0,-0.32467747628155,0.7722312168831045,False,True,False,True,False,False,False,False,False,False,True,False,False
0.5053262420316059,1,3.0,0.0,-0.23227300023242503,0.019359556969214452,False,True,False,True,False,True,False,False,False,False,False,False,False
1.3275254478165022,2,1.0,0.0,-0.6086248338576062,-0.7335121029446755,False,True,False,True,False,False,False,False,False,True,False,False,False
-0.8650057676098877,2,2.0,1.0,-0.6804534144302055,0.2703167769405111,False,True,False,True,False,True,False,False,False,False,False,False,False
0.41397077472217303,1,1.0,1.0,-0.9352204111486433,-0.7335121029446755,False,True,False,True,False,False,False,False,False,False,True,False,False
0.5053262420316059,2,1.0,1.0,-0.18289085108876307,1.2741456568256977,False,True,False,True,False,False,False,False,False,True,False,False,False
0.5053262420316059,2,0.0,2.0,0.29110295925229523,2.2779745367108846,False,True,False,True,False,False,False,False,False,False,True,False,False
-0.9563612349193206,2,1.0,2.0,-0.7462962799550881,-0.9844693229159722,True,False,False,True,False,False,False,False,False,False,True,False,False
1.510236382435368,2,2.0,0.0,-0.3658292672346017,0.2703167769405111,False,True,False,True,False,False,False,False,False,False,True,False,False
-0.40822843106272316,2,2.0,0.0,-0.6243373358578623,-0.4825548829733789,True,False,False,True,False,False,False,False,True,False,False,False,False
-0.40822843106272316,1,1.0,2.0,-0.6699784130967015,-0.7335121029446755,False,True,False,True,False,False,False,False,True,False,False,False,False
0.41397077472217303,1,1.0,1.0,-0.9415802333868422,-0.7335121029446755,False,True,False,False,True,False,False,False,True,False,False,False,False
-0.7736503003004548,2,1.0,0.0,-0.7855775349557282,-0.7335121029446755,False,True,False,True,False,False,True,False,False,False,False,False,False
-0.49958389837215605,3,1.0,2.0,0.7089806910210104,2.2779745367108846,True,False,False,True,False,False,False,False,False,True,False,False,False
-0.22551749644385735,2,1.0,0.0,1.0733610945507583,-0.2315976630020822,False,True,False,True,False,False,False,False,False,False,True,False,False
-0.6822948329910219,1,1.0,1.0,-0.9528034491013108,-0.9844693229159722,False,True,False,True,False,False,True,False,False,False,False,False,False
-0.31687296375329027,3,3.0,0.0,-0.962156128863368,-0.2315976630020822,False,True,False,True,False,False,False,False,False,False,True,False,False
-1.1390721695381865,2,1.0,1.0,-0.2973676513763431,0.7722312168831045,True,False,False,False,True,False,False,False,False,True,False,False,False
0.1399043727938743,2,4.0,0.0,-0.7159935975260228,0.2703167769405111,True,False,False,True,False,False,True,False,False,False,False,False,False
-0.6822948329910219,2,2.0,3.0,-0.7025257386686604,-1.2354265428872688,False,True,False,True,False,False,True,False,False,False,False,False,False
2.0583691862919653,1,1.0,1.0,1.1006709194559654,2.2779745367108846,True,False,True,False,False,False,True,False,False,False,False,False,False
1.6929473170542337,2,1.0,2.0,1.582895087987634,1.2741456568256977,True,False,False,False,True,False,True,False,False,False,False,False,False
1.3275254478165022,2,2.0,2.0,-0.19822924589853685,1.2741456568256977,True,False,True,False,False,False,False,False,False,False,True,False,False
-0.042806561824991526,1,3.0,0.0,0.09207793391571825,-0.7335121029446755,True,False,False,True,False,False,False,False,True,False,False,False,False
-0.590939365681589,2,1.0,0.0,-0.4088515941400647,-1.2354265428872688,False,True,False,False,True,False,False,False,False,False,True,False,False
2.1497246536013983,2,0.0,0.0,0.6899012243064138,-0.4825548829733789,True,False,False,True,False,False,True,False,False,False,False,False,False
-0.9563612349193206,2,1.0,1.0,-0.3983765928065607,-0.9844693229159722,False,True,False,True,False,False,False,False,False,True,False,False,False
0.9621035785787705,3,0.0,0.0,-0.27118014804258295,0.019359556969214452,False,True,False,True,False,False,True,False,False,False,False,False,False
-0.40822843106272316,1,1.0,2.0,-0.6284525149531676,-0.9008169162588733,False,True,False,True,False,False,False,False,False,True,False,False,False
2.51514652283913,2,1.0,3.0,-0.9052918359100602,-0.9008169162588733,False,True,True,False,False,False,True,False,False,False,False,False,False
0.1399043727938743,2,1.0,3.0,-0.41184445166392303,-0.2315976630020822,False,True,False,True,False,False,False,False,False,False,True,False,False
-0.7736503003004548,3,0.0,2.0,2.22822999156958,3.281803416596071,False,True,True,False,False,False,False,False,False,False,True,False,False
-0.8650057676098877,2,1.0,3.0,-0.19224353085082027,-0.4825548829733789,False,True,False,False,True,True,False,False,False,False,False,False,False
-0.22551749644385735,1,0.0,2.0,-0.0021970780858181996,-0.9844693229159722,True,False,False,True,False,False,True,False,False,False,False,False,False
-0.31687296375329027,2,1.0,0.0,0.24770652515634986,0.2703167769405111,False,True,True,False,False,True,False,False,False,False,False,False,False
1.0534590458882034,1,1.0,1.0,-0.9239971954341747,-1.0681217295730712,False,True,False,True,False,False,True,False,False,False,False,False,False
-0.22551749644385735,2,1.0,2.0,-0.6684819843347722,-1.0681217295730712,False,True,False,True,False,False,False,False,False,False,True,False,False
0.6880371766504717,1,1.0,0.0,-0.6516471607630694,-0.4825548829733789,True,False,False,True,False,False,False,False,False,False,True,False,False
-0.13416202913442443,3,1.0,2.0,-0.6359346587628133,-0.9844693229159722,True,False,False,True,False,False,False,False,True,False,False,False,False
0.8707481112693376,1,0.0,0.0,0.23723152382284582,1.2741456568256977,True,False,False,True,False,False,False,False,False,False,True,False,False
1.1448145131976364,2,1.0,0.0,-0.39912480718752524,-0.9844693229159722,False,True,False,True,False,False,True,False,False,False,False,False,False
-0.6822948329910219,2,4.0,1.0,-0.2027185321843243,-0.2315976630020822,False,True,False,True,False,False,False,False,False,True,False,False,False
0.5966817093410388,1,1.0,0.0,-0.6531435895249985,-1.4027313562014667,False,True,False,True,False,False,True,False,False,False,False,False,False
-0.9563612349193206,2,2.0,0.0,0.8642351750711597,0.2703167769405111,False,True,False,True,False,False,False,False,False,True,False,False,False
-0.8650057676098877,2,1.0,2.0,-0.6647409124299494,-0.7335121029446755,False,True,False,True,False,False,False,True,False,False,False,False,False
-0.8650057676098877,2,0.0,0.0,-0.28277747094753386,-0.7335121029446755,False,True,False,False,True,False,True,False,False,False,False,False,False
-0.6822948329910219,2,2.0,0.0,-0.4219453458069448,-0.7335121029446755,True,False,False,True,False,False,False,False,False,False,True,False,False
-1.4131385714664852,1,1.0,2.0,-0.18064620794586936,0.2703167769405111,True,False,False,False,True,False,True,False,False,False,False,False,False
-0.8650057676098877,0,1.0,2.0,-0.5323069669992196,-0.4825548829733789,True,False,False,False,True,False,True,False,False,False,False,False,False
-0.8650057676098877,2,1.0,2.0,2.5286380655268568,2.2779745367108846,True,False,False,True,False,False,False,False,False,True,False,False,False
2.51514652283913,1,1.0,0.0,-0.578322151428541,-0.7335121029446755,False,True,False,True,False,False,False,False,False,False,True,False,False
1.2361699805070692,2,0.0,0.0,0.972726260311023,-0.7335121029446755,False,True,False,False,True,False,False,False,False,True,False,False,False
-1.3217831041570522,2,1.0,1.0,-0.8600248658617035,-0.7335121029446755,False,True,False,False,True,False,False,False,True,False,False,False,False
-0.31687296375329027,2,1.0,1.0,-0.47244981652205364,0.2703167769405111,False,True,False,True,False,False,False,False,False,False,True,False,False
-0.8650057676098877,2,1.0,0.0,0.7168369420211385,0.5212739969118078,False,True,False,True,False,True,False,False,False,False,False,False,False
-0.7736503003004548,1,1.0,1.0,-0.760512353193415,-0.7335121029446755,False,True,False,True,False,False,True,False,False,False,False,False,False
-1.0477167022287535,2,1.0,1.0,-0.004067614038229637,-0.2315976630020822,True,False,False,True,False,False,False,False,False,False,True,False,False
-0.590939365681589,2,1.0,0.0,-0.17129352818381216,0.6049264035689067,False,True,False,True,False,False,False,False,False,False,True,False,False
-0.042806561824991526,1,2.0,1.0,0.44111994263569254,-0.2315976630020822,False,True,False,True,False,False,True,False,False,False,False,False,False
1.1448145131976364,1,2.0,3.0,-0.7335766354786903,-0.9008169162588733,True,False,True,False,False,False,True,False,False,False,False,False,False
-0.8650057676098877,2,1.0,1.0,0.07973239662980276,0.019359556969214452,False,True,False,True,False,False,False,False,True,False,False,False,False
0.04854890548444138,2,1.0,1.0,1.5323906172725252,3.281803416596071,False,True,False,False,True,True,False,False,False,False,False,False,False
-1.2304276368476192,2,1.0,1.0,-0.27641764870933494,-0.2315976630020822,False,True,False,True,False,False,False,False,False,True,False,False,False
0.8707481112693376,1,1.0,3.0,-0.056816727896232176,-0.2315976630020822,True,False,False,True,False,False,False,False,False,True,False,False,False
0.04854890548444138,2,1.0,2.0,-0.8667587952903847,-0.2315976630020822,False,True,False,True,False,False,True,False,False,False,False,False,False
-0.40822843106272316,2,1.0,1.0,0.6046047848764522,0.2703167769405111,False,True,False,True,False,False,True,False,False,False,False,False,False
1.2361699805070692,2,1.0,2.0,-0.7889444996700689,-0.7335121029446755,True,False,False,True,False,False,False,False,False,False,True,False,False
-0.6822948329910219,2,3.0,3.0,-0.8461828998138589,-0.7335121029446755,False,True,False,True,False,False,True,False,False,False,False,False,False
-0.7736503003004548,2,1.0,1.0,0.306441354062069,0.2703167769405111,False,True,False,True,False,False,False,False,False,True,False,False,False
-0.13416202913442443,3,1.0,0.0,1.276875406173123,1.2741456568256977,False,True,False,True,False,False,True,False,False,False,False,False,False
-0.9563612349193206,2,0.0,1.0,1.822323689896298,0.7722312168831045,False,True,False,True,False,True,False,False,False,False,False,False,False
-1.4131385714664852,2,1.0,0.0,-0.7062668105734833,-0.9844693229159722,False,True,False,True,False,False,False,False,False,True,False,False,False
0.8707481112693376,1,1.0,1.0,-1.0706472141032313,-0.7335121029446755,False,True,False,True,False,False,False,False,True,False,False,False,False
-1.1390721695381865,2,1.0,2.0,-0.6235891214768978,-0.7335121029446755,False,True,False,False,True,False,False,False,False,False,True,False,False
1.7843027843636667,3,1.0,1.0,-0.2330212146133896,-0.7335121029446755,True,False,True,False,False,False,False,False,False,True,False,False,False
-0.22551749644385735,2,0.0,2.0,-0.8076498591941832,-0.2315976630020822,True,False,False,True,False,False,True,False,False,False,False,False,False
-0.49958389837215605,2,2.0,0.0,-0.5001337486177428,-0.2315976630020822,True,False,False,True,False,False,False,False,True,False,False,False,False
0.04854890548444138,3,1.0,1.0,-0.471701602141089,-0.2315976630020822,False,True,True,False,False,False,False,False,False,False,True,False,False
-0.22551749644385735,1,1.0,1.0,-0.2326471074229073,-0.7335121029446755,False,True,False,True,False,False,True,False,False,False,False,False,False
-0.590939365681589,3,2.0,2.0,2.1822148071402587,1.2741456568256977,False,True,False,False,True,False,False,False,False,True,False,False,False
1.0534590458882034,2,3.0,0.0,-0.7436775296217121,-0.4825548829733789,False,True,False,True,False,False,False,False,False,False,True,False,False
-0.590939365681589,2,0.0,0.0,1.4833825753193455,1.7760600967682911,False,True,False,False,True,False,False,False,False,False,True,False,False
-0.042806561824991526,3,1.0,0.0,-0.19860335308901916,0.2703167769405111,False,True,False,True,False,False,True,False,False,False,False,False,False
-0.13416202913442443,1,2.0,0.0,-0.5454007186660997,-1.2354265428872688,False,True,False,True,False,True,False,False,False,False,False,False,False
1.510236382435368,1,1.0,1.0,-0.3314114057102312,-0.9008169162588733,False,True,False,True,False,False,False,False,False,False,True,False,False
0.5053262420316059,1,2.0,0.0,-0.6479060888582465,0.2703167769405111,False,True,False,False,True,False,True,False,False,False,False,False,False
-1.0477167022287535,2,1.0,3.0,-0.06916226518214767,-0.7335121029446755,False,True,False,True,False,False,False,False,False,False,True,False,False
-0.7736503003004548,2,4.0,0.0,2.0247156799472155,0.5212739969118078,False,True,False,True,False,False,True,False,False,False,False,False,False
2.3324355882202643,1,4.0,0.0,-0.0530756559914093,-0.7335121029446755,False,True,False,True,False,False,False,False,False,False,True,False,False
-0.7736503003004548,2,0.0,2.0,-0.47768731718880564,-0.2315976630020822,True,False,False,False,True,False,False,False,False,True,False,False,False
2.697857457457996,2,0.0,0.0,-0.8495498645281995,-0.7335121029446755,False,True,False,True,False,False,False,False,False,False,True,False,False
0.9621035785787705,3,0.0,0.0,1.3621718456030845,0.2703167769405111,False,True,False,True,False,False,True,False,False,False,False,False,False
-0.40822843106272316,2,1.0,2.0,-0.47357213809350046,0.2703167769405111,False,True,False,True,False,True,False,False,False,False,False,False,False
2.7892129247674284,1,3.0,2.0,-0.9019248711957197,-0.9844693229159722,True,False,False,True,False,False,False,False,False,False,True,False,False
-0.590939365681589,2,0.0,0.0,-0.7601382460029327,-0.2315976630020822,False,True,False,True,False,False,False,False,False,False,True,False,False
-0.7736503003004548,2,0.0,3.0,-0.6935471660970856,-0.9008169162588733,False,True,False,True,False,False,False,False,False,False,True,False,False
-0.49958389837215605,2,2.0,2.0,-0.049334584086586426,0.2703167769405111,False,True,True,False,False,False,False,False,False,True,False,False,False
0.3226153074127401,2,0.0,1.0,-0.36994444632990686,-0.06429284968788443,False,True,False,True,False,False,False,False,False,True,False,False,False
0.41397077472217303,2,1.0,2.0,-0.07477387303938197,-0.2315976630020822,True,False,False,False,True,False,False,False,False,True,False,False,False
-0.22551749644385735,2,0.0,0.0,-0.04746404813417499,-0.9844693229159722,False,True,False,True,False,False,False,False,False,False,True,False,False
1.9670137189825325,2,4.0,1.0,0.15754669225011858,0.7722312168831045,True,False,False,False,True,False,False,False,False,True,False,False,False
0.7793926439599046,2,1.0,1.0,-0.6164810848577343,-0.2315976630020822,False,True,False,True,False,False,False,False,False,True,False,False,False
-1.0477167022287535,1,1.0,1.0,-0.36919623194894224,-0.7335121029446755,False,True,False,True,False,False,False,False,False,False,True,False,False
1.1448145131976364,1,1.0,2.0,-0.5454007186660997,0.2703167769405111,False,True,False,True,False,False,False,False,False,False,True,False,False
0.7793926439599046,1,1.0,3.0,-0.493773926379544,-0.7335121029446755,True,False,False,False,True,False,False,False,False,False,True,False,False
1.510236382435368,2,1.0,0.0,-0.9292346961009267,-0.7335121029446755,False,True,False,True,False,False,False,False,False,False,True,False,False
-0.9563612349193206,2,1.0,2.0,-0.08674530313481518,-0.7335121029446755,True,False,False,False,True,False,False,False,False,True,False,False,False
-0.49958389837215605,2,3.0,2.0,1.9293183463742323,2.2779745367108846,True,False,False,True,False,False,True,False,False,False,False,False,False
0.04854890548444138,3,1.0,1.0,0.7860467722603616,-0.2315976630020822,False,True,True,False,False,False,True,False,False,False,False,False,False
-0.9563612349193206,2,1.0,1.0,-0.5109828571417292,0.019359556969214452,True,False,False,True,False,False,False,False,False,False,True,False,False
-0.590939365681589,2,1.0,1.0,-0.48928464009375655,-0.7335121029446755,True,False,False,True,False,False,True,False,False,False,False,False,False
0.04854890548444138,2,3.0,0.0,-0.8574061155283275,1.2741456568256977,False,True,False,True,False,False,True,False,False,False,False,False,False
0.9621035785787705,3,0.0,0.0,1.6565942045126447,2.2779745367108846,False,True,False,True,False,True,False,False,False,False,False,False,False
0.04854890548444138,2,3.0,0.0,0.3146717122526793,1.7760600967682911,False,True,False,True,False,False,False,False,False,True,False,False,False
-0.13416202913442443,2,1.0,0.0,-0.32954086975781977,-0.2315976630020822,False,True,False,True,False,False,False,False,False,False,True,False,False
-1.0477167022287535,2,1.0,2.0,-0.32841854818637295,1.2741456568256977,False,True,False,False,True,False,False,False,False,False,True,False,False
-0.6822948329910219,1,1.0,0.0,-0.07776673056324028,0.019359556969214452,False,True,False,True,False,False,True,False,False,False,False,False,False
0.7793926439599046,3,1.0,1.0,1.2039245040290767,0.2703167769405111,True,False,True,False,False,False,True,False,False,False,False,False,False
-0.590939365681589,2,2.0,2.0,-0.11405512804002217,0.2703167769405111,False,True,False,True,False,False,False,False,False,False,True,False,False
2.697857457457996,0,1.0,1.0,0.07225025282015701,1.7760600967682911,False,True,False,True,False,False,False,False,False,False,False,True,False
-0.40822843106272316,2,1.0,1.0,-0.46534177990289016,-1.2354265428872688,True,False,False,True,False,False,False,False,False,False,True,False,False
3.611412130552325,3,0.0,1.0,-0.6834462719540638,-1.2354265428872688,True,False,False,True,False,False,True,False,False,False,False,False,False
-1.4131385714664852,2,1.0,1.0,-0.4346649902833426,-0.2315976630020822,True,False,False,False,True,False,False,False,False,True,False,False,False
1.0534590458882034,2,1.0,3.0,-0.06878815799166538,0.7722312168831045,False,True,False,True,False,False,False,False,False,False,True,False,False
-1.504494038775918,1,4.0,2.0,-0.8297221834326383,-0.7335121029446755,True,False,False,False,True,False,False,False,False,True,False,False,False
1.0534590458882034,1,1.0,0.0,-0.2479855022326811,0.2703167769405111,False,True,False,True,False,False,True,False,False,False,False,False,False
-0.49958389837215605,3,1.0,2.0,0.4691779819218641,1.2741456568256977,False,True,False,True,False,True,False,False,False,False,False,False,False
-0.22551749644385735,2,1.0,3.0,-0.3299149769483021,0.019359556969214452,False,True,False,False,True,False,False,False,True,False,False,False,False
-0.6822948329910219,2,1.0,0.0,-0.6688560915252546,0.2703167769405111,False,True,False,True,False,False,False,False,False,False,True,False,False
0.41397077472217303,1,1.0,2.0,-0.7653757466696848,-0.7335121029446755,False,True,False,True,False,False,False,False,False,False,True,False,False
2.606501990148563,1,0.0,0.0,0.23610920225139895,-0.9844693229159722,False,True,False,True,False,False,False,False,True,False,False,False,False
-0.042806561824991526,2,1.0,1.0,-0.28502211409042755,0.2703167769405111,True,False,False,True,False,False,False,False,False,False,True,False,False
-0.31687296375329027,2,2.0,0.0,-0.13201227318317196,-0.9008169162588733,False,True,False,True,False,False,True,False,False,False,False,False,False
1.8756582516730995,2,1.0,0.0,-0.6220926927149686,-1.2354265428872688,True,False,False,True,False,False,False,False,True,False,False,False,False
-0.6822948329910219,2,1.0,0.0,-0.3860310555206452,-0.2315976630020822,False,True,False,True,False,True,False,False,False,False,False,False,False
0.1399043727938743,2,1.0,1.0,0.156798477869154,1.2741456568256977,False,True,False,True,False,False,False,False,False,True,False,False,False
-0.6822948329910219,2,2.0,2.0,-0.21319353351782835,-0.4825548829733789,True,False,False,False,True,False,True,False,False,False,False,False,False
-0.042806561824991526,2,0.0,0.0,2.116371941615376,2.2779745367108846,False,True,True,False,False,False,True,False,False,False,False,False,False
0.2312598401033072,2,0.0,0.0,-0.16830067065995385,2.2779745367108846,False,True,False,True,False,False,True,False,False,False,False,False,False
0.04854890548444138,1,4.0,0.0,-0.6093730482385709,0.019359556969214452,True,False,False,True,False,True,False,False,False,False,False,False,False
1.418880915125935,1,3.0,0.0,-0.25958282513763203,-0.9844693229159722,False,True,True,False,False,False,True,False,False,False,False,False,False
-1.0477167022287535,2,1.0,1.0,0.5252940604942072,2.2779745367108846,False,True,True,False,False,False,True,False,False,False,False,False,False
-0.40822843106272316,3,3.0,0.0,-0.15670334775500294,0.019359556969214452,True,False,False,True,False,False,True,False,False,False,False,False,False
0.5966817093410388,2,1.0,0.0,0.048681499819772905,-0.7335121029446755,False,True,False,True,False,False,False,False,False,True,False,False,False
-0.590939365681589,2,4.0,1.0,0.05840828677231238,0.019359556969214452,True,False,False,True,False,False,False,False,False,False,True,False,False
1.6015918497448007,3,1.0,1.0,1.7448835014664645,-0.7335121029446755,False,True,True,False,False,False,False,False,False,True,False,False,False
-1.0477167022287535,1,1.0,1.0,-0.06729172922973622,0.2703167769405111,False,True,False,False,True,False,False,False,False,True,False,False,False
-1.2304276368476192,1,1.0,1.0,-0.8959391561480031,-0.4825548829733789,True,False,False,True,False,True,False,False,False,False,False,False,False
-0.7736503003004548,2,2.0,2.0,-0.8416936135280714,-0.7335121029446755,True,False,False,False,True,False,False,False,False,True,False,False,False
-0.8650057676098877,2,1.0,3.0,0.3775217202537036,1.2741456568256977,False,True,False,True,False,False,False,False,False,False,True,False,False
-0.7736503003004548,2,1.0,1.0,-0.30372747361454194,-0.2315976630020822,True,False,False,True,False,False,False,False,False,False,True,False,False
0.1399043727938743,2,1.0,0.0,0.06701275215340499,-1.4027313562014667,True,False,False,True,False,False,True,False,False,False,False,False,False
-0.9563612349193206,2,0.0,0.0,-0.8237364683849216,0.2703167769405111,False,True,False,True,False,False,False,False,False,False,True,False,False
-0.13416202913442443,2,1.0,1.0,1.4209066745088035,2.2779745367108846,False,True,False,True,False,False,False,False,False,False,True,False,False
0.8707481112693376,3,2.0,0.0,2.0153630001851583,1.5251028767969945,False,True,False,True,False,False,True,False,False,False,False,False,False
-0.22551749644385735,3,1.0,2.0,0.4631922668741475,-0.2315976630020822,False,True,False,True,False,True,False,False,False,False,False,False,False
0.3226153074127401,1,2.0,2.0,-0.8095203951465947,-0.7335121029446755,False,True,False,True,False,True,False,False,False,False,False,False,False
-0.8650057676098877,2,0.0,0.0,-0.42344177456887394,-0.9008169162588733,False,True,False,True,False,False,False,False,False,True,False,False,False
-0.7736503003004548,1,1.0,2.0,-0.7926855715748917,-0.9844693229159722,False,True,False,True,False,False,False,False,False,False,True,False,False
-0.22551749644385735,1,0.0,0.0,-0.3796712332824463,-0.4825548829733789,True,False,False,False,True,False,False,False,False,True,False,False,False
2.7892129247674284,3,1.0,1.0,-0.6265819790007561,-0.7335121029446755,False,True,True,False,False,False,True,False,False,False,False,False,False
1.6929473170542337,2,1.0,1.0,-0.05606851351526761,2.2779745367108846,False,True,False,True,False,False,False,True,False,False,False,False,False
-0.590939365681589,2,1.0,2.0,-0.21394174789879294,-0.06429284968788443,False,True,False,True,False,False,False,False,False,False,False,False,True
0.5966817093410388,2,0.0,0.0,2.7220514830061995,1.2741456568256977,False,True,True,False,False,False,True,False,False,False,False,False,False
-0.7736503003004548,2,2.0,0.0,-0.2760435415188527,0.2703167769405111,False,True,False,True,False,False,True,False,False,False,False,False,False
-0.042806561824991526,2,3.0,2.0,-0.6699784130967015,-0.5662072896304777,False,True,False,True,False,True,False,False,False,False,False,False,False
-0.40822843106272316,2,2.0,2.0,-0.6553882326678923,-1.2354265428872688,False,True,False,True,False,True,False,False,False,False,False,False,False
0.5966817093410388,2,1.0,1.0,0.8575012456424785,1.2741456568256977,False,True,True,False,False,False,True,False,False,False,False,False,False
0.6880371766504717,1,1.0,0.0,1.568304907558825,0.2703167769405111,False,True,False,True,False,False,True,False,False,False,False,False,False
-1.2304276368476192,2,3.0,1.0,-0.2685613977092069,0.2703167769405111,False,True,False,True,False,False,False,False,False,True,False,False,False
0.5966817093410388,2,2.0,0.0,-0.6939212732875678,-1.2354265428872688,False,True,True,False,False,False,False,False,False,False,True,False,False
2.1497246536013983,2,1.0,2.0,1.2028021824576298,2.2779745367108846,True,False,False,False,True,True,False,False,False,False,False,False,False
-1.1390721695381865,2,1.0,3.0,-0.7204828838118102,-0.9008169162588733,True,False,False,True,False,False,False,False,False,True,False,False,False
0.2312598401033072,3,1.0,2.0,3.656945352021436,-0.2315976630020822,True,False,True,False,False,False,True,False,False,False,False,False,False
-0.590939365681589,2,2.0,2.0,-0.6598775189536796,-0.9844693229159722,False,True,False,True,False,False,True,False,False,False,False,False,False
-1.2304276368476192,1,1.0,2.0,-1.0276248871977682,-1.2354265428872688,False,True,False,True,False,False,False,False,False,False,False,True,False
2.697857457457996,2,1.0,1.0,-0.9838543459113407,0.019359556969214452,False,True,False,True,False,False,True,False,False,False,False,False,False
-0.590939365681589,1,0.0,3.0,-0.6385534090961893,-1.4027313562014667,False,True,False,True,False,False,True,False,False,False,False,False,False
-0.9563612349193206,1,1.0,1.0,-0.7717355689078836,-0.9844693229159722,False,True,False,True,False,False,False,False,False,False,True,False,False
1.6929473170542337,2,4.0,2.0,-0.7043962746210719,-0.7335121029446755,False,True,False,True,False,False,True,False,False,False,False,False,False
-0.31687296375329027,1,2.0,2.0,-0.8491757573377171,-1.2354265428872688,True,False,False,True,False,False,True,False,False,False,False,False,False
-0.40822843106272316,2,0.0,0.0,0.06626453777244042,-0.2315976630020822,False,True,False,True,False,False,True,False,False,False,False,False,False
0.3226153074127401,3,1.0,0.0,-0.49265160480809717,-0.7335121029446755,False,True,False,True,False,False,True,False,False,False,False,False,False
1.2361699805070692,1,0.0,3.0,0.17026633672651634,0.7722312168831045,False,True,False,True,False,False,False,False,False,False,True,False,False
-0.40822843106272316,2,1.0,1.0,1.3307468416025723,2.2779745367108846,True,False,False,True,False,False,False,False,False,False,True,False,False
-0.6822948329910219,3,2.0,3.0,-0.10395423389700041,0.019359556969214452,True,False,False,True,False,False,True,False,False,False,False,False,False
-0.6822948329910219,2,3.0,2.0,0.34123332277692175,0.2703167769405111,True,False,False,False,True,False,True,False,False,False,False,False,False
-0.31687296375329027,2,1.0,0.0,-0.625085550238827,-0.2315976630020822,False,True,False,True,False,False,True,False,False,False,False,False,False
0.5053262420316059,2,1.0,2.0,1.1822262869811042,-0.2315976630020822,False,True,False,True,False,False,False,False,False,True,False,False,False
-0.9563612349193206,2,0.0,0.0,-0.717490026287952,0.10301196362631335,True,False,False,False,True,False,True,False,False,False,False,False,False
-0.042806561824991526,2,2.0,0.0,0.35544939601524866,0.2703167769405111,False,True,False,True,False,False,False,False,False,True,False,False,False
0.5966817093410388,2,0.0,2.0,0.704491404735223,0.2703167769405111,True,False,False,True,False,False,False,False,False,False,True,False,False
-1.0477167022287535,2,1.0,1.0,-0.3950096280922201,1.2741456568256977,False,True,False,True,False,True,False,False,False,False,False,False,False
0.9621035785787705,2,1.0,1.0,-0.9367168399105724,-0.7335121029446755,False,True,False,True,False,False,True,False,False,False,False,False,False
-1.1390721695381865,2,0.0,1.0,-0.8607730802426681,-0.7335121029446755,False,True,False,True,False,False,True,False,False,False,False,False,False
1.9670137189825325,2,1.0,2.0,-0.3650810528536371,1.2741456568256977,False,True,True,False,False,False,True,False,False,False,False,False,False
0.9621035785787705,1,1.0,0.0,0.1470716909166145,-0.4825548829733789,True,False,False,True,False,False,True,False,False,False,False,False,False
2.8805683920768614,3,1.0,2.0,-0.7489150302884641,-0.9844693229159722,True,False,False,True,False,False,False,False,True,False,False,False,False
0.3226153074127401,3,1.0,2.0,3.2686220883008215,0.2703167769405111,False,True,False,True,False,False,False,False,False,False,False,False,True
-1.2304276368476192,2,3.0,1.0,-0.13949441699281773,0.2703167769405111,False,True,False,True,False,False,False,False,False,True,False,False,False
-0.49958389837215605,3,1.0,2.0,-0.4256864177117677,-1.2354265428872688,False,True,False,False,True,False,False,False,False,False,True,False,False
-0.8650057676098877,3,0.0,0.0,0.8350548142135413,0.2703167769405111,True,False,False,False,True,False,True,False,False,False,False,False,False
-1.1390721695381865,3,1.0,2.0,3.1272095702985165,0.2703167769405111,True,False,False,False,True,False,True,False,False,False,False,False,False
0.7793926439599046,2,1.0,0.0,0.8627387463092305,0.2703167769405111,False,True,True,False,False,False,False,False,False,False,False,True,False
0.2312598401033072,1,1.0,2.0,-0.7081373465258948,-0.4825548829733789,False,True,False,True,False,False,False,False,False,False,False,True,False
-1.0477167022287535,2,0.0,0.0,-0.8704998671952076,-0.4825548829733789,True,False,False,True,False,False,False,True,False,False,False,False,False
0.9621035785787705,2,1.0,3.0,-0.6950435948590147,-1.2354265428872688,False,True,False,True,False,False,True,False,False,False,False,False,False
0.5966817093410388,1,1.0,0.0,-0.6351864443818487,-1.4027313562014667,False,True,False,True,False,False,False,False,False,False,True,False,False
-0.31687296375329027,1,2.0,1.0,-0.7178641334784343,0.2703167769405111,True,False,False,True,False,False,False,False,False,False,True,False,False
-0.8650057676098877,2,2.0,0.0,0.14071186867841565,-0.9844693229159722,False,True,False,False,True,False,True,False,False,False,False,False,False
0.5053262420316059,1,1.0,2.0,-0.8652623665284556,-0.7335121029446755,False,True,False,True,False,False,True,False,False,False,False,False,False
0.1399043727938743,2,2.0,2.0,0.2533181330135842,0.2703167769405111,False,True,False,True,False,False,True,False,False,False,False,False,False
2.3324355882202643,2,4.0,2.0,-0.6318194796675081,-0.4825548829733789,False,True,False,True,False,False,False,False,False,False,False,True,False
-0.31687296375329027,2,2.0,1.0,-0.32767033380540833,0.2703167769405111,False,True,False,True,False,False,True,False,False,False,False,False,False
0.41397077472217303,0,0.0,2.0,0.8156012403084624,2.2779745367108846,False,True,True,False,False,False,False,False,False,False,False,False,True
1.3275254478165022,2,1.0,1.0,0.7826798075460211,0.5212739969118078,False,True,False,True,False,True,False,False,False,False,False,False,False
0.7793926439599046,3,1.0,1.0,0.06850918091533414,-1.2354265428872688,False,True,False,False,True,False,False,False,False,True,False,False,False
-1.0477167022287535,2,1.0,2.0,-1.0261284584358392,-0.9844693229159722,False,True,False,True,False,False,False,False,False,False,True,False,False
0.8707481112693376,3,1.0,0.0,1.3318691631740192,-1.2354265428872688,False,True,False,True,False,False,True,False,False,False,False,False,False
0.5053262420316059,1,0.0,0.0,-0.7320802067167612,-0.9844693229159722,True,False,False,False,True,False,False,False,True,False,False,False,False
-0.40822843106272316,1,1.0,2.0,-0.4761908884268765,-0.2315976630020822,False,True,False,True,False,False,False,False,False,True,False,False,False
0.2312598401033072,2,0.0,0.0,0.26678599187094654,2.2779745367108846,False,True,False,True,False,True,False,False,False,False,False,False,False
0.7793926439599046,2,2.0,2.0,-0.5225801800466802,-0.7335121029446755,False,True,False,True,False,False,True,False,False,False,False,False,False
0.2312598401033072,3,4.0,0.0,0.9390566131676172,1.2741456568256977,False,True,False,True,False,False,True,False,False,False,False,False,False
1.0534590458882034,1,1.0,1.0,-0.742181100859783,-0.2315976630020822,False,True,False,True,False,False,False,True,False,False,False,False,False
1.6929473170542337,0,1.0,0.0,-0.9460695196726296,-1.2354265428872688,True,False,False,True,False,False,True,False,False,False,False,False,False
-0.49958389837215605,2,1.0,2.0,-0.9584150569585451,-0.7335121029446755,False,True,False,True,False,False,False,False,False,False,False,True,False
-1.2304276368476192,2,2.0,0.0,-0.33664890637698325,-0.9844693229159722,True,False,False,False,True,False,False,False,False,True,False,False,False
-1.3217831041570522,2,1.0,2.0,-0.1578256693264498,-0.2315976630020822,False,True,False,False,True,False,True,False,False,False,False,False,False
-0.8650057676098877,2,1.0,1.0,0.4373788707308696,1.7760600967682911,False,True,False,True,False,False,False,False,False,False,True,False,False
-0.13416202913442443,1,1.0,1.0,3.2910685197297584,0.7722312168831045,False,True,False,True,False,False,False,False,False,False,False,True,False
-0.042806561824991526,2,1.0,1.0,-0.7492891374789464,-1.2354265428872688,True,False,True,False,False,False,False,False,True,False,False,False,False
1.3275254478165022,2,0.0,2.0,-0.622466799905451,-0.4825548829733789,False,True,False,True,False,False,False,False,False,False,True,False,False
-0.7736503003004548,0,1.0,1.0,-0.9168891588150112,-0.2315976630020822,True,False,False,True,False,False,False,False,True,False,False,False,False
0.41397077472217303,1,1.0,1.0,-0.6883096654303336,-1.2354265428872688,False,True,False,True,False,False,True,False,False,False,False,False,False
-0.8650057676098877,2,3.0,2.0,-0.7642534250982379,-0.7335121029446755,False,True,False,True,False,False,False,False,False,False,True,False,False
-0.13416202913442443,2,2.0,2.0,-0.21656049823216894,-0.2315976630020822,False,True,False,True,False,True,False,False,False,False,False,False,False
1.6015918497448007,3,0.0,0.0,1.6027227690831953,0.7722312168831045,True,False,False,True,False,False,True,False,False,False,False,False,False
0.1399043727938743,1,0.0,0.0,0.1362225823926282,-0.7335121029446755,False,True,False,True,False,False,False,False,True,False,False,False,False
-0.042806561824991526,2,3.0,0.0,-0.30073461609068364,0.2703167769405111,False,True,False,True,False,False,False,False,False,False,True,False,False
-1.4131385714664852,2,3.0,0.0,-0.36657748161556625,-0.4825548829733789,True,False,False,False,True,False,False,False,False,True,False,False,False
0.1399043727938743,2,0.0,0.0,1.5742906226065414,1.2741456568256977,False,True,False,True,False,True,False,False,False,False,False,False,False
1.1448145131976364,2,0.0,0.0,0.7441467669263454,0.5212739969118078,False,True,False,True,False,False,False,False,False,False,False,True,False
-0.49958389837215605,2,1.0,1.0,-0.591415903095421,-0.7335121029446755,True,False,False,True,False,False,False,False,False,True,False,False,False
2.51514652283913,2,1.0,1.0,-0.09123458942060263,0.2703167769405111,False,True,False,True,False,False,True,False,False,False,False,False,False
0.7793926439599046,2,0.0,0.0,0.10629400715404519,-0.06429284968788443,False,True,False,True,False,False,True,False,False,False,False,False,False
-0.7736503003004548,2,0.0,1.0,-0.39987302156848986,-0.9008169162588733,True,False,False,False,True,False,False,False,False,True,False,False,False
-1.1390721695381865,2,1.0,1.0,-0.6370569803342602,-0.7335121029446755,True,False,False,True,False,False,False,False,False,False,True,False,False
-0.042806561824991526,1,2.0,0.0,-0.6669855555728431,-0.9008169162588733,False,True,False,False,True,False,True,False,False,False,False,False,False
0.2312598401033072,2,1.0,3.0,-0.8431900422900006,0.2703167769405111,False,True,True,False,False,False,True,False,False,False,False,False,False
-0.6822948329910219,2,1.0,0.0,-0.5177167865704104,-0.2315976630020822,True,False,False,True,False,False,False,False,False,True,False,False,False
0.04854890548444138,2,1.0,3.0,-0.35685069466302677,-0.7335121029446755,True,False,False,True,False,False,True,False,False,False,False,False,False
-0.590939365681589,2,1.0,1.0,1.3790066691747873,1.2741456568256977,False,True,False,True,False,False,False,False,True,False,False,False,False
-0.6822948329910219,3,1.0,0.0,0.05541542924845408,1.2741456568256977,True,False,False,True,False,False,False,False,False,True,False,False,False
-0.042806561824991526,2,1.0,1.0,-0.9389614830534662,-0.7335121029446755,False,True,False,True,False,False,True,False,False,False,False,False,False
0.6880371766504717,2,1.0,0.0,-0.25658996761377373,-0.2315976630020822,False,True,False,True,False,False,False,False,False,True,False,False,False
-1.1390721695381865,2,0.0,1.0,1.9715924588987308,-0.2315976630020822,True,False,False,False,True,False,False,False,True,False,False,False,False
-0.22551749644385735,2,1.0,0.0,-0.06429887170587793,-0.4825548829733789,False,True,False,True,False,False,True,False,False,False,False,False,False
